This is pdfTeX, Version 3.141592653-2.6-1.40.25 (TeX Live 2023) (preloaded format=pdflatex 2026.4.13)  2 JUN 2026 16:22
entering extended mode
 restricted \write18 enabled.
 %&-line parsing enabled.
**Main.tex
(./Main.tex
LaTeX2e <2022-11-01> patch level 1
L3 programming layer <2023-02-22>
(/usr/share/texlive/texmf-dist/tex/latex/base/fix-cm.sty
Package: fix-cm 2020/11/24 v1.1t fixes to LaTeX

(/usr/share/texlive/texmf-dist/tex/latex/base/ts1enc.def
File: ts1enc.def 2001/06/05 v3.0e (jk/car/fm) Standard LaTeX file
LaTeX Font Info:    Redeclaring font encoding TS1 on input line 47.
))
(./Style/snuthesis.cls

LaTeX Warning: You have requested document class `Style/snuthesis',
               but the document class provides `snuthesis'.

Document Class: snuthesis 2017/07/22 v0.99.4 unofficial SNU LaTeX class
(/usr/share/texlive/texmf-dist/tex/latex/base/report.cls
Document Class: report 2022/07/02 v1.4n Standard LaTeX document class
(/usr/share/texlive/texmf-dist/tex/latex/base/size11.clo
File: size11.clo 2022/07/02 v1.4n Standard LaTeX file (size option)
)
\c@part=\count185
\c@chapter=\count186
\c@section=\count187
\c@subsection=\count188
\c@subsubsection=\count189
\c@paragraph=\count190
\c@subparagraph=\count191
\c@figure=\count192
\c@table=\count193
\abovecaptionskip=\skip48
\belowcaptionskip=\skip49
\bibindent=\dimen140
)
(/usr/share/texlive/texmf-dist/tex/latex/cjk-ko/kotex.sty
Package: kotex 2015/04/19 v1.6 Korean TeX (ko.TeX)

(/usr/share/texlive/texmf-dist/tex/latex/kotex-utf/kotex.cfg)
(/usr/share/texlive/texmf-dist/tex/latex/kotex-utf/kotexutf.sty
Package: kotexutf 2022/06/22 v3.0.0 typesetting UTF-8 Korean documents

(/usr/share/texlive/texmf-dist/tex/latex/base/inputenc.sty
Package: inputenc 2021/02/14 v1.3d Input encoding file
\inpenc@prehook=\toks16
\inpenc@posthook=\toks17
)
(/usr/share/texlive/texmf-dist/tex/plain/kotex-plain/kotexutf-core.tex
\unih@ngulpoint=\count194
\dhucs@emph@raise=\dimen141
)
Now handling font encoding LUC ...
... processing UTF-8 mapping file for font encoding LUC

(/usr/share/texlive/texmf-dist/tex/latex/kotex-utf/lucenc.dfu
File: lucenc.dfu 2007/09/05 UTF-8 support for dhucs
   defining Unicode char U+00B7 (decimal 183)
   defining Unicode char U+2018 (decimal 8216)
   defining Unicode char U+2019 (decimal 8217)
   defining Unicode char U+201C (decimal 8220)
   defining Unicode char U+201D (decimal 8221)
   defining Unicode char U+3001 (decimal 12289)
   defining Unicode char U+3002 (decimal 12290)
   defining Unicode char U+3008 (decimal 12296)
   defining Unicode char U+3009 (decimal 12297)
   defining Unicode char U+300A (decimal 12298)
   defining Unicode char U+300B (decimal 12299)
   defining Unicode char U+300C (decimal 12300)
   defining Unicode char U+300D (decimal 12301)
   defining Unicode char U+300E (decimal 12302)
   defining Unicode char U+300F (decimal 12303)
   defining Unicode char U+3010 (decimal 12304)
   defining Unicode char U+3011 (decimal 12305)
   defining Unicode char U+3014 (decimal 12308)
   defining Unicode char U+3015 (decimal 12309)
   defining Unicode char U+3016 (decimal 12310)
   defining Unicode char U+3017 (decimal 12311)
   defining Unicode char U+3018 (decimal 12312)
   defining Unicode char U+3019 (decimal 12313)
   defining Unicode char U+301A (decimal 12314)
   defining Unicode char U+301B (decimal 12315)
   defining Unicode char U+FF01 (decimal 65281)
   defining Unicode char U+FF08 (decimal 65288)
   defining Unicode char U+FF09 (decimal 65289)
   defining Unicode char U+FF0C (decimal 65292)
   defining Unicode char U+FF0E (decimal 65294)
   defining Unicode char U+FF1A (decimal 65306)
   defining Unicode char U+FF1B (decimal 65307)
   defining Unicode char U+FF1C (decimal 65308)
   defining Unicode char U+FF1D (decimal 65309)
   defining Unicode char U+FF1E (decimal 65310)
   defining Unicode char U+FF1F (decimal 65311)
   defining Unicode char U+FF3B (decimal 65339)
   defining Unicode char U+FF3D (decimal 65341)
   defining Unicode char U+FF5B (decimal 65371)
   defining Unicode char U+FF5D (decimal 65373)
   defining Unicode char U+FF61 (decimal 65377)
   defining Unicode char U+FF62 (decimal 65378)
   defining Unicode char U+FF63 (decimal 65379)
   defining Unicode char U+FF64 (decimal 65380)
   defining Unicode char U+FF65 (decimal 65381)
)
\@josa=\count195
\josatoks=\toks18

(/usr/share/texlive/texmf-dist/tex/latex/cjk-ko/kolabels-utf.sty
Package: kolabels-utf 2015/03/20 v1.5 UTF-8 Hangul item labels
)))
(/usr/share/texlive/texmf-dist/tex/generic/iftex/ifpdf.sty
Package: ifpdf 2019/10/25 v3.4 ifpdf legacy package. Use iftex instead.

(/usr/share/texlive/texmf-dist/tex/generic/iftex/iftex.sty
Package: iftex 2022/02/03 v1.0f TeX engine tests
))
\@snu@covertextheight=\skip50
\@snu@approvaltextheight=\skip51
\committeenameunderlinelength=\skip52
\@snu@underlinetmp=\skip53
\@snu@underlinetmpb=\skip54
)

LaTeX Warning: \include should only be used after \begin{document} on input lin
e 10.

(./Style/snutocstyle.tex
(/usr/share/texlive/texmf-dist/tex/latex/tocloft/tocloft.sty
Package: tocloft 2017/08/31 v2.3i parameterised ToC, etc., typesetting
Package tocloft Info: The document has chapter divisions on input line 51.
\cftparskip=\skip55
\cftbeforetoctitleskip=\skip56
\cftaftertoctitleskip=\skip57
\cftbeforepartskip=\skip58
\cftpartnumwidth=\skip59
\cftpartindent=\skip60
\cftbeforechapskip=\skip61
\cftchapindent=\skip62
\cftchapnumwidth=\skip63
\cftbeforesecskip=\skip64
\cftsecindent=\skip65
\cftsecnumwidth=\skip66
\cftbeforesubsecskip=\skip67
\cftsubsecindent=\skip68
\cftsubsecnumwidth=\skip69
\cftbeforesubsubsecskip=\skip70
\cftsubsubsecindent=\skip71
\cftsubsubsecnumwidth=\skip72
\cftbeforeparaskip=\skip73
\cftparaindent=\skip74
\cftparanumwidth=\skip75
\cftbeforesubparaskip=\skip76
\cftsubparaindent=\skip77
\cftsubparanumwidth=\skip78
\cftbeforeloftitleskip=\skip79
\cftafterloftitleskip=\skip80
\cftbeforefigskip=\skip81
\cftfigindent=\skip82
\cftfignumwidth=\skip83
\cftbeforelottitleskip=\skip84
\cftafterlottitleskip=\skip85
\cftbeforetabskip=\skip86
\cfttabindent=\skip87
\cfttabnumwidth=\skip88
\cftbeforesubfigskip=\skip89
\cftsubfigindent=\skip90
\cftsubfignumwidth=\skip91
\cftbeforesubtabskip=\skip92
\cftsubtabindent=\skip93
\cftsubtabnumwidth=\skip94
)
\mytmplen=\skip95
)
(/usr/share/texlive/texmf-dist/tex/generic/pdftex/glyphtounicode.tex)
(/usr/share/texlive/texmf-dist/tex/latex/graphics/graphicx.sty
Package: graphicx 2021/09/16 v1.2d Enhanced LaTeX Graphics (DPC,SPQR)

(/usr/share/texlive/texmf-dist/tex/latex/graphics/keyval.sty
Package: keyval 2022/05/29 v1.15 key=value parser (DPC)
\KV@toks@=\toks19
)
(/usr/share/texlive/texmf-dist/tex/latex/graphics/graphics.sty
Package: graphics 2022/03/10 v1.4e Standard LaTeX Graphics (DPC,SPQR)

(/usr/share/texlive/texmf-dist/tex/latex/graphics/trig.sty
Package: trig 2021/08/11 v1.11 sin cos tan (DPC)
)
(/usr/share/texlive/texmf-dist/tex/latex/graphics-cfg/graphics.cfg
File: graphics.cfg 2016/06/04 v1.11 sample graphics configuration
)
Package graphics Info: Driver file: pdftex.def on input line 107.

(/usr/share/texlive/texmf-dist/tex/latex/graphics-def/pdftex.def
File: pdftex.def 2022/09/22 v1.2b Graphics/color driver for pdftex
))
\Gin@req@height=\dimen142
\Gin@req@width=\dimen143
)
(/usr/share/texlive/texmf-dist/tex/latex/subfig/subfig.sty
Package: subfig 2005/06/28 ver: 1.3 subfig package

(/usr/share/texlive/texmf-dist/tex/latex/caption/caption.sty
Package: caption 2023/03/12 v3.6j Customizing captions (AR)

(/usr/share/texlive/texmf-dist/tex/latex/caption/caption3.sty
Package: caption3 2023/03/12 v2.4 caption3 kernel (AR)
\caption@tempdima=\dimen144
\captionmargin=\dimen145
\caption@leftmargin=\dimen146
\caption@rightmargin=\dimen147
\caption@width=\dimen148
\caption@indent=\dimen149
\caption@parindent=\dimen150
\caption@hangindent=\dimen151
Package caption Info: Unknown document class (or package),
(caption)             standard defaults will be used.
Package caption Info: \@makecaption = \long macro:#1#2->\vskip \abovecaptionski
p \sbox \@tempboxa {#1 #2}\ifdim \wd \@tempboxa >\hsize #1 #2\par \else \global
 \@minipagefalse \hb@xt@ \hsize {\hfil \box \@tempboxa \hfil }\fi \vskip \below
captionskip  on input line 1176.
)

Package caption Warning: Unknown document class (or package),
(caption)                standard defaults will be used.
See the caption package documentation for explanation.

\c@caption@flags=\count196
\c@continuedfloat=\count197
)
\c@KVtest=\count198
\sf@farskip=\skip96
\sf@captopadj=\dimen152
\sf@capskip=\skip97
\sf@nearskip=\skip98
\c@subfigure=\count199
\c@subfigure@save=\count266
\c@lofdepth=\count267
\c@subtable=\count268
\c@subtable@save=\count269
\c@lotdepth=\count270
\sf@top=\skip99
\sf@bottom=\skip100
) (/usr/share/texlive/texmf-dist/tex/latex/tools/xspace.sty
Package: xspace 2014/10/28 v1.13 Space after command names (DPC,MH)
)
(/usr/share/texlive/texmf-dist/tex/latex/amsmath/amsmath.sty
Package: amsmath 2022/04/08 v2.17n AMS math features
\@mathmargin=\skip101

For additional information on amsmath, use the `?' option.
(/usr/share/texlive/texmf-dist/tex/latex/amsmath/amstext.sty
Package: amstext 2021/08/26 v2.01 AMS text

(/usr/share/texlive/texmf-dist/tex/latex/amsmath/amsgen.sty
File: amsgen.sty 1999/11/30 v2.0 generic functions
\@emptytoks=\toks20
\ex@=\dimen153
))
(/usr/share/texlive/texmf-dist/tex/latex/amsmath/amsbsy.sty
Package: amsbsy 1999/11/29 v1.2d Bold Symbols
\pmbraise@=\dimen154
)
(/usr/share/texlive/texmf-dist/tex/latex/amsmath/amsopn.sty
Package: amsopn 2022/04/08 v2.04 operator names
)
\inf@bad=\count271
LaTeX Info: Redefining \frac on input line 234.
\uproot@=\count272
\leftroot@=\count273
LaTeX Info: Redefining \overline on input line 399.
LaTeX Info: Redefining \colon on input line 410.
\classnum@=\count274
\DOTSCASE@=\count275
LaTeX Info: Redefining \ldots on input line 496.
LaTeX Info: Redefining \dots on input line 499.
LaTeX Info: Redefining \cdots on input line 620.
\Mathstrutbox@=\box51
\strutbox@=\box52
LaTeX Info: Redefining \big on input line 722.
LaTeX Info: Redefining \Big on input line 723.
LaTeX Info: Redefining \bigg on input line 724.
LaTeX Info: Redefining \Bigg on input line 725.
\big@size=\dimen155
LaTeX Font Info:    Redeclaring font encoding OML on input line 743.
LaTeX Font Info:    Redeclaring font encoding OMS on input line 744.
\macc@depth=\count276
LaTeX Info: Redefining \bmod on input line 905.
LaTeX Info: Redefining \pmod on input line 910.
LaTeX Info: Redefining \smash on input line 940.
LaTeX Info: Redefining \relbar on input line 970.
LaTeX Info: Redefining \Relbar on input line 971.
\c@MaxMatrixCols=\count277
\dotsspace@=\muskip16
\c@parentequation=\count278
\dspbrk@lvl=\count279
\tag@help=\toks21
\row@=\count280
\column@=\count281
\maxfields@=\count282
\andhelp@=\toks22
\eqnshift@=\dimen156
\alignsep@=\dimen157
\tagshift@=\dimen158
\tagwidth@=\dimen159
\totwidth@=\dimen160
\lineht@=\dimen161
\@envbody=\toks23
\multlinegap=\skip102
\multlinetaggap=\skip103
\mathdisplay@stack=\toks24
LaTeX Info: Redefining \[ on input line 2953.
LaTeX Info: Redefining \] on input line 2954.
)
(/usr/share/texlive/texmf-dist/tex/latex/amsfonts/amssymb.sty
Package: amssymb 2013/01/14 v3.01 AMS font symbols

(/usr/share/texlive/texmf-dist/tex/latex/amsfonts/amsfonts.sty
Package: amsfonts 2013/01/14 v3.01 Basic AMSFonts support
\symAMSa=\mathgroup4
\symAMSb=\mathgroup5
LaTeX Font Info:    Redeclaring math symbol \hbar on input line 98.
LaTeX Font Info:    Overwriting math alphabet `\mathfrak' in version `bold'
(Font)                  U/euf/m/n --> U/euf/b/n on input line 106.
))
(/usr/share/texlive/texmf-dist/tex/latex/cancel/cancel.sty
Package: cancel 2013/04/12 v2.2 Cancel math terms
)
(/usr/share/texlive/texmf-dist/tex/latex/multirow/multirow.sty
Package: multirow 2021/03/15 v2.8 Span multiple rows of a table
\multirow@colwidth=\skip104
\multirow@cntb=\count283
\multirow@dima=\skip105
\bigstrutjot=\dimen162
)
(./Style/pennames.sty) (/usr/share/texlive/texmf-dist/tex/latex/base/ifthen.sty
Package: ifthen 2022/04/13 v1.1d Standard LaTeX ifthen package (DPC)
) (./Style/ptdr-definitions.sty

LaTeX Warning: You have requested package `Style/ptdr-definitions',
               but the package provides `ptdr-definitions'.

Package: ptdr-definitions 2018/09/29 CMS Additional Macro Definitions (476583)
) (/usr/share/texlive/texmf-dist/tex/latex/biblatex/biblatex.sty
Package: biblatex 2024/03/21 v3.20 programmable bibliographies (PK/MW)

(/usr/share/texlive/texmf-dist/tex/generic/pdftexcmds/pdftexcmds.sty
Package: pdftexcmds 2020-06-27 v0.33 Utility functions of pdfTeX for LuaTeX (HO
)

(/usr/share/texlive/texmf-dist/tex/generic/infwarerr/infwarerr.sty
Package: infwarerr 2019/12/03 v1.5 Providing info/warning/error messages (HO)
)
(/usr/share/texlive/texmf-dist/tex/generic/ltxcmds/ltxcmds.sty
Package: ltxcmds 2020-05-10 v1.25 LaTeX kernel commands for general use (HO)
)
Package pdftexcmds Info: \pdf@primitive is available.
Package pdftexcmds Info: \pdf@ifprimitive is available.
Package pdftexcmds Info: \pdfdraftmode found.
)
(/usr/share/texlive/texmf-dist/tex/latex/etoolbox/etoolbox.sty
Package: etoolbox 2020/10/05 v2.5k e-TeX tools for LaTeX (JAW)
\etb@tempcnta=\count284
)
(/usr/share/texlive/texmf-dist/tex/latex/kvoptions/kvoptions.sty
Package: kvoptions 2022-06-15 v3.15 Key value format for package options (HO)

(/usr/share/texlive/texmf-dist/tex/latex/kvsetkeys/kvsetkeys.sty
Package: kvsetkeys 2022-10-05 v1.19 Key value parser (HO)
))
(/usr/share/texlive/texmf-dist/tex/latex/logreq/logreq.sty
Package: logreq 2010/08/04 v1.0 xml request logger
\lrq@indent=\count285

(/usr/share/texlive/texmf-dist/tex/latex/logreq/logreq.def
File: logreq.def 2010/08/04 v1.0 logreq spec v1.0
))
(/usr/share/texlive/texmf-dist/tex/latex/url/url.sty
\Urlmuskip=\muskip17
Package: url 2013/09/16  ver 3.4  Verb mode for urls, etc.
)
\c@tabx@nest=\count286
\c@listtotal=\count287
\c@listcount=\count288
\c@liststart=\count289
\c@liststop=\count290
\c@citecount=\count291
\c@citetotal=\count292
\c@multicitecount=\count293
\c@multicitetotal=\count294
\c@instcount=\count295
\c@maxnames=\count296
\c@minnames=\count297
\c@maxitems=\count298
\c@minitems=\count299
\c@citecounter=\count300
\c@maxcitecounter=\count301
\c@savedcitecounter=\count302
\c@uniquelist=\count303
\c@uniquename=\count304
\c@refsection=\count305
\c@refsegment=\count306
\c@maxextratitle=\count307
\c@maxextratitleyear=\count308
\c@maxextraname=\count309
\c@maxextradate=\count310
\c@maxextraalpha=\count311
\c@abbrvpenalty=\count312
\c@highnamepenalty=\count313
\c@lownamepenalty=\count314
\c@maxparens=\count315
\c@parenlevel=\count316
\blx@tempcnta=\count317
\blx@tempcntb=\count318
\blx@tempcntc=\count319
\c@blx@maxsection=\count320
\blx@maxsegment@0=\count321
\blx@notetype=\count322
\blx@parenlevel@text=\count323
\blx@parenlevel@foot=\count324
\blx@sectionciteorder@0=\count325
\blx@sectionciteorderinternal@0=\count326
\blx@entrysetcounter=\count327
\blx@biblioinstance=\count328
\labelnumberwidth=\skip106
\labelalphawidth=\skip107
\biblabelsep=\skip108
\bibitemsep=\skip109
\bibnamesep=\skip110
\bibinitsep=\skip111
\bibparsep=\skip112
\bibhang=\skip113
\blx@bcfin=\read2
\blx@bcfout=\write3
\blx@langwohyphens=\language48
\c@mincomprange=\count329
\c@maxcomprange=\count330
\c@mincompwidth=\count331
Package biblatex Info: Trying to load biblatex default data model...
Package biblatex Info: ... file 'blx-dm.def' found.

(/usr/share/texlive/texmf-dist/tex/latex/biblatex/blx-dm.def
File: blx-dm.def 2024/03/21 v3.20 biblatex datamodel (PK/MW)
)
Package biblatex Info: Trying to load biblatex custom data model...
Package biblatex Info: ... file 'biblatex-dm.cfg' not found.
\c@afterword=\count332
\c@savedafterword=\count333
\c@annotator=\count334
\c@savedannotator=\count335
\c@author=\count336
\c@savedauthor=\count337
\c@bookauthor=\count338
\c@savedbookauthor=\count339
\c@commentator=\count340
\c@savedcommentator=\count341
\c@editor=\count342
\c@savededitor=\count343
\c@editora=\count344
\c@savededitora=\count345
\c@editorb=\count346
\c@savededitorb=\count347
\c@editorc=\count348
\c@savededitorc=\count349
\c@foreword=\count350
\c@savedforeword=\count351
\c@holder=\count352
\c@savedholder=\count353
\c@introduction=\count354
\c@savedintroduction=\count355
\c@namea=\count356
\c@savednamea=\count357
\c@nameb=\count358
\c@savednameb=\count359
\c@namec=\count360
\c@savednamec=\count361
\c@translator=\count362
\c@savedtranslator=\count363
\c@shortauthor=\count364
\c@savedshortauthor=\count365
\c@shorteditor=\count366
\c@savedshorteditor=\count367
\c@labelname=\count368
\c@savedlabelname=\count369
\c@institution=\count370
\c@savedinstitution=\count371
\c@lista=\count372
\c@savedlista=\count373
\c@listb=\count374
\c@savedlistb=\count375
\c@listc=\count376
\c@savedlistc=\count377
\c@listd=\count378
\c@savedlistd=\count379
\c@liste=\count380
\c@savedliste=\count381
\c@listf=\count382
\c@savedlistf=\count383
\c@location=\count384
\c@savedlocation=\count385
\c@organization=\count386
\c@savedorganization=\count387
\c@origlocation=\count388
\c@savedoriglocation=\count389
\c@origpublisher=\count390
\c@savedorigpublisher=\count391
\c@publisher=\count392
\c@savedpublisher=\count393
\c@language=\count394
\c@savedlanguage=\count395
\c@origlanguage=\count396
\c@savedoriglanguage=\count397
\c@pageref=\count398
\c@savedpageref=\count399
\shorthandwidth=\skip114
\shortjournalwidth=\skip115
\shortserieswidth=\skip116
\shorttitlewidth=\skip117
\shortauthorwidth=\skip118
\shorteditorwidth=\skip119
\locallabelnumberwidth=\skip120
\locallabelalphawidth=\skip121
\localshorthandwidth=\skip122
\localshortjournalwidth=\skip123
\localshortserieswidth=\skip124
\localshorttitlewidth=\skip125
\localshortauthorwidth=\skip126
\localshorteditorwidth=\skip127
Package biblatex Info: Trying to load compatibility code...
Package biblatex Info: ... file 'blx-compat.def' found.

(/usr/share/texlive/texmf-dist/tex/latex/biblatex/blx-compat.def
File: blx-compat.def 2024/03/21 v3.20 biblatex compatibility (PK/MW)
)
Package biblatex Info: Trying to load generic definitions...
Package biblatex Info: ... file 'biblatex.def' found.

(/usr/share/texlive/texmf-dist/tex/latex/biblatex/biblatex.def
File: biblatex.def 2024/03/21 v3.20 biblatex compatibility (PK/MW)
\c@textcitecount=\count400
\c@textcitetotal=\count401
\c@textcitemaxnames=\count402
\c@biburlbigbreakpenalty=\count403
\c@biburlbreakpenalty=\count404
\c@biburlnumpenalty=\count405
\c@biburlucpenalty=\count406
\c@biburllcpenalty=\count407
\biburlbigskip=\muskip18
\biburlnumskip=\muskip19
\biburlucskip=\muskip20
\biburllcskip=\muskip21
\c@smartand=\count408
)
Package biblatex Info: Trying to load bibliography style 'numeric'...
Package biblatex Info: ... file 'numeric.bbx' found.

(/usr/share/texlive/texmf-dist/tex/latex/biblatex/bbx/numeric.bbx
File: numeric.bbx 2024/03/21 v3.20 biblatex bibliography style (PK/MW)
Package biblatex Info: Trying to load bibliography style 'standard'...
Package biblatex Info: ... file 'standard.bbx' found.

(/usr/share/texlive/texmf-dist/tex/latex/biblatex/bbx/standard.bbx
File: standard.bbx 2024/03/21 v3.20 biblatex bibliography style (PK/MW)
\c@bbx:relatedcount=\count409
\c@bbx:relatedtotal=\count410
))
Package biblatex Info: Trying to load citation style 'numeric'...
Package biblatex Info: ... file 'numeric.cbx' found.

(/usr/share/texlive/texmf-dist/tex/latex/biblatex/cbx/numeric.cbx
File: numeric.cbx 2024/03/21 v3.20 biblatex citation style (PK/MW)
Package biblatex Info: Redefining '\cite'.
Package biblatex Info: Redefining '\parencite'.
Package biblatex Info: Redefining '\footcite'.
Package biblatex Info: Redefining '\footcitetext'.
Package biblatex Info: Redefining '\smartcite'.
Package biblatex Info: Redefining '\supercite'.
Package biblatex Info: Redefining '\textcite'.
Package biblatex Info: Redefining '\textcites'.
Package biblatex Info: Redefining '\cites'.
Package biblatex Info: Redefining '\parencites'.
Package biblatex Info: Redefining '\smartcites'.
)
Package biblatex Info: Trying to load configuration file...
Package biblatex Info: ... file 'biblatex.cfg' found.

(/usr/share/texlive/texmf-dist/tex/latex/biblatex/biblatex.cfg
File: biblatex.cfg 
)
Package biblatex Info: Input encoding 'utf8' detected.
Package biblatex Info: Document encoding is UTF8 ....

(/usr/share/texlive/texmf-dist/tex/latex/l3kernel/expl3.sty
Package: expl3 2023-02-22 L3 programming layer (loader) 

(/usr/share/texlive/texmf-dist/tex/latex/l3backend/l3backend-pdftex.def
File: l3backend-pdftex.def 2023-01-16 L3 backend support: PDF output (pdfTeX)
\l__color_backend_stack_int=\count411
\l__pdf_internal_box=\box53
))
Package biblatex Info: ... and expl3
(biblatex)             2023-02-22 L3 programming layer (loader) 
(biblatex)             is new enough (at least 2020/04/06),
(biblatex)             setting 'casechanger=expl3'.

(/usr/share/texlive/texmf-dist/tex/latex/biblatex/blx-case-expl3.sty
(/usr/share/texlive/texmf-dist/tex/latex/l3packages/xparse/xparse.sty
Package: xparse 2023-02-02 L3 Experimental document command parser
)
Package: blx-case-expl3 2024/03/21 v3.20 expl3 case changing code for biblatex
))
(/usr/share/texlive/texmf-dist/tex/latex/hyperref/hyperref.sty
Package: hyperref 2023-02-07 v7.00v Hypertext links for LaTeX

(/usr/share/texlive/texmf-dist/tex/generic/kvdefinekeys/kvdefinekeys.sty
Package: kvdefinekeys 2019-12-19 v1.6 Define keys (HO)
)
(/usr/share/texlive/texmf-dist/tex/generic/pdfescape/pdfescape.sty
Package: pdfescape 2019/12/09 v1.15 Implements pdfTeX's escape features (HO)
)
(/usr/share/texlive/texmf-dist/tex/latex/hycolor/hycolor.sty
Package: hycolor 2020-01-27 v1.10 Color options for hyperref/bookmark (HO)
)
(/usr/share/texlive/texmf-dist/tex/latex/letltxmacro/letltxmacro.sty
Package: letltxmacro 2019/12/03 v1.6 Let assignment for LaTeX macros (HO)
)
(/usr/share/texlive/texmf-dist/tex/latex/auxhook/auxhook.sty
Package: auxhook 2019-12-17 v1.6 Hooks for auxiliary files (HO)
)
(/usr/share/texlive/texmf-dist/tex/latex/hyperref/nameref.sty
Package: nameref 2022-05-17 v2.50 Cross-referencing by name of section

(/usr/share/texlive/texmf-dist/tex/latex/refcount/refcount.sty
Package: refcount 2019/12/15 v3.6 Data extraction from label references (HO)
)
(/usr/share/texlive/texmf-dist/tex/generic/gettitlestring/gettitlestring.sty
Package: gettitlestring 2019/12/15 v1.6 Cleanup title references (HO)
)
\c@section@level=\count412
)
\@linkdim=\dimen163
\Hy@linkcounter=\count413
\Hy@pagecounter=\count414

(/usr/share/texlive/texmf-dist/tex/latex/hyperref/pd1enc.def
File: pd1enc.def 2023-02-07 v7.00v Hyperref: PDFDocEncoding definition (HO)
Now handling font encoding PD1 ...
... no UTF-8 mapping file for font encoding PD1
)
(/usr/share/texlive/texmf-dist/tex/generic/intcalc/intcalc.sty
Package: intcalc 2019/12/15 v1.3 Expandable calculations with integers (HO)
)
(/usr/share/texlive/texmf-dist/tex/generic/etexcmds/etexcmds.sty
Package: etexcmds 2019/12/15 v1.7 Avoid name clashes with e-TeX commands (HO)
)
\Hy@SavedSpaceFactor=\count415

(/usr/share/texlive/texmf-dist/tex/latex/hyperref/puenc.def
File: puenc.def 2023-02-07 v7.00v Hyperref: PDF Unicode definition (HO)
Now handling font encoding PU ...
... no UTF-8 mapping file for font encoding PU
)
Package hyperref Info: Hyper figures OFF on input line 4177.
Package hyperref Info: Link nesting OFF on input line 4182.
Package hyperref Info: Hyper index ON on input line 4185.
Package hyperref Info: Plain pages OFF on input line 4192.
Package hyperref Info: Backreferencing OFF on input line 4197.
Package hyperref Info: Implicit mode ON; LaTeX internals redefined.
Package hyperref Info: Bookmarks ON on input line 4425.
\c@Hy@tempcnt=\count416
LaTeX Info: Redefining \url on input line 4763.
\XeTeXLinkMargin=\dimen164

(/usr/share/texlive/texmf-dist/tex/generic/bitset/bitset.sty
Package: bitset 2019/12/09 v1.3 Handle bit-vector datatype (HO)

(/usr/share/texlive/texmf-dist/tex/generic/bigintcalc/bigintcalc.sty
Package: bigintcalc 2019/12/15 v1.5 Expandable calculations on big integers (HO
)
))
\Fld@menulength=\count417
\Field@Width=\dimen165
\Fld@charsize=\dimen166
Package hyperref Info: Hyper figures OFF on input line 6042.
Package hyperref Info: Link nesting OFF on input line 6047.
Package hyperref Info: Hyper index ON on input line 6050.
Package hyperref Info: backreferencing OFF on input line 6057.
Package hyperref Info: Link coloring OFF on input line 6062.
Package hyperref Info: Link coloring with OCG OFF on input line 6067.
Package hyperref Info: PDF/A mode OFF on input line 6072.

(/usr/share/texlive/texmf-dist/tex/latex/base/atbegshi-ltx.sty
Package: atbegshi-ltx 2021/01/10 v1.0c Emulation of the original atbegshi
package with kernel methods
)
\Hy@abspage=\count418
\c@Item=\count419
\c@Hfootnote=\count420
)
Package hyperref Info: Driver (autodetected): hpdftex.

(/usr/share/texlive/texmf-dist/tex/latex/hyperref/hpdftex.def
File: hpdftex.def 2023-02-07 v7.00v Hyperref driver for pdfTeX

(/usr/share/texlive/texmf-dist/tex/latex/base/atveryend-ltx.sty
Package: atveryend-ltx 2020/08/19 v1.0a Emulation of the original atveryend pac
kage
with kernel methods
)
\Fld@listcount=\count421
\c@bookmark@seq@number=\count422

(/usr/share/texlive/texmf-dist/tex/latex/rerunfilecheck/rerunfilecheck.sty
Package: rerunfilecheck 2022-07-10 v1.10 Rerun checks for auxiliary files (HO)

(/usr/share/texlive/texmf-dist/tex/generic/uniquecounter/uniquecounter.sty
Package: uniquecounter 2019/12/15 v1.4 Provide unlimited unique counter (HO)
)
Package uniquecounter Info: New unique counter `rerunfilecheck' on input line 2
85.
)
\Hy@SectionHShift=\skip128
)
(/usr/share/texlive/texmf-dist/tex/latex/lipsum/lipsum.sty
(/usr/share/texlive/texmf-dist/tex/latex/l3packages/l3keys2e/l3keys2e.sty
Package: l3keys2e 2023-02-02 LaTeX2e option processing using LaTeX3 keys
)
Package: lipsum 2021-09-20 v2.7 150 paragraphs of Lorem Ipsum dummy text
\g__lipsum_par_int=\count423
\l__lipsum_a_int=\count424
\l__lipsum_b_int=\count425

(/usr/share/texlive/texmf-dist/tex/latex/lipsum/lipsum.ltd.tex))
(/usr/share/texlive/texmf-dist/tex/latex/graphics/rotating.sty
Package: rotating 2016/08/11 v2.16d rotated objects in LaTeX
\c@r@tfl@t=\count426
\rotFPtop=\skip129
\rotFPbot=\skip130
\rot@float@box=\box54
\rot@mess@toks=\toks25
)
(/usr/share/texlive/texmf-dist/tex/latex/pgf/frontendlayer/tikz.sty
(/usr/share/texlive/texmf-dist/tex/latex/pgf/basiclayer/pgf.sty
(/usr/share/texlive/texmf-dist/tex/latex/pgf/utilities/pgfrcs.sty
(/usr/share/texlive/texmf-dist/tex/generic/pgf/utilities/pgfutil-common.tex
\pgfutil@everybye=\toks26
\pgfutil@tempdima=\dimen167
\pgfutil@tempdimb=\dimen168
)
(/usr/share/texlive/texmf-dist/tex/generic/pgf/utilities/pgfutil-latex.def
\pgfutil@abb=\box55
)
(/usr/share/texlive/texmf-dist/tex/generic/pgf/utilities/pgfrcs.code.tex
(/usr/share/texlive/texmf-dist/tex/generic/pgf/pgf.revision.tex)
Package: pgfrcs 2023-01-15 v3.1.10 (3.1.10)
))
Package: pgf 2023-01-15 v3.1.10 (3.1.10)

(/usr/share/texlive/texmf-dist/tex/latex/pgf/basiclayer/pgfcore.sty
(/usr/share/texlive/texmf-dist/tex/latex/pgf/systemlayer/pgfsys.sty
(/usr/share/texlive/texmf-dist/tex/generic/pgf/systemlayer/pgfsys.code.tex
Package: pgfsys 2023-01-15 v3.1.10 (3.1.10)

(/usr/share/texlive/texmf-dist/tex/generic/pgf/utilities/pgfkeys.code.tex
\pgfkeys@pathtoks=\toks27
\pgfkeys@temptoks=\toks28

(/usr/share/texlive/texmf-dist/tex/generic/pgf/utilities/pgfkeyslibraryfiltered
.code.tex
\pgfkeys@tmptoks=\toks29
))
\pgf@x=\dimen169
\pgf@y=\dimen170
\pgf@xa=\dimen171
\pgf@ya=\dimen172
\pgf@xb=\dimen173
\pgf@yb=\dimen174
\pgf@xc=\dimen175
\pgf@yc=\dimen176
\pgf@xd=\dimen177
\pgf@yd=\dimen178
\w@pgf@writea=\write4
\r@pgf@reada=\read3
\c@pgf@counta=\count427
\c@pgf@countb=\count428
\c@pgf@countc=\count429
\c@pgf@countd=\count430
\t@pgf@toka=\toks30
\t@pgf@tokb=\toks31
\t@pgf@tokc=\toks32
\pgf@sys@id@count=\count431
 (/usr/share/texlive/texmf-dist/tex/generic/pgf/systemlayer/pgf.cfg
File: pgf.cfg 2023-01-15 v3.1.10 (3.1.10)
)
Driver file for pgf: pgfsys-pdftex.def
(/usr/share/texlive/texmf-dist/tex/generic/pgf/systemlayer/pgfsys-pdftex.def
File: pgfsys-pdftex.def 2023-01-15 v3.1.10 (3.1.10)

(/usr/share/texlive/texmf-dist/tex/generic/pgf/systemlayer/pgfsys-common-pdf.de
f
File: pgfsys-common-pdf.def 2023-01-15 v3.1.10 (3.1.10)
)))
(/usr/share/texlive/texmf-dist/tex/generic/pgf/systemlayer/pgfsyssoftpath.code.
tex
File: pgfsyssoftpath.code.tex 2023-01-15 v3.1.10 (3.1.10)
\pgfsyssoftpath@smallbuffer@items=\count432
\pgfsyssoftpath@bigbuffer@items=\count433
)
(/usr/share/texlive/texmf-dist/tex/generic/pgf/systemlayer/pgfsysprotocol.code.
tex
File: pgfsysprotocol.code.tex 2023-01-15 v3.1.10 (3.1.10)
)) (/usr/share/texlive/texmf-dist/tex/latex/xcolor/xcolor.sty
Package: xcolor 2022/06/12 v2.14 LaTeX color extensions (UK)

(/usr/share/texlive/texmf-dist/tex/latex/graphics-cfg/color.cfg
File: color.cfg 2016/01/02 v1.6 sample color configuration
)
Package xcolor Info: Driver file: pdftex.def on input line 227.

(/usr/share/texlive/texmf-dist/tex/latex/graphics/mathcolor.ltx)
Package xcolor Info: Model `cmy' substituted by `cmy0' on input line 1353.
Package xcolor Info: Model `hsb' substituted by `rgb' on input line 1357.
Package xcolor Info: Model `RGB' extended on input line 1369.
Package xcolor Info: Model `HTML' substituted by `rgb' on input line 1371.
Package xcolor Info: Model `Hsb' substituted by `hsb' on input line 1372.
Package xcolor Info: Model `tHsb' substituted by `hsb' on input line 1373.
Package xcolor Info: Model `HSB' substituted by `hsb' on input line 1374.
Package xcolor Info: Model `Gray' substituted by `gray' on input line 1375.
Package xcolor Info: Model `wave' substituted by `hsb' on input line 1376.
)
(/usr/share/texlive/texmf-dist/tex/generic/pgf/basiclayer/pgfcore.code.tex
Package: pgfcore 2023-01-15 v3.1.10 (3.1.10)

(/usr/share/texlive/texmf-dist/tex/generic/pgf/math/pgfmath.code.tex
(/usr/share/texlive/texmf-dist/tex/generic/pgf/math/pgfmathutil.code.tex)
(/usr/share/texlive/texmf-dist/tex/generic/pgf/math/pgfmathparser.code.tex
\pgfmath@dimen=\dimen179
\pgfmath@count=\count434
\pgfmath@box=\box56
\pgfmath@toks=\toks33
\pgfmath@stack@operand=\toks34
\pgfmath@stack@operation=\toks35
)
(/usr/share/texlive/texmf-dist/tex/generic/pgf/math/pgfmathfunctions.code.tex)
(/usr/share/texlive/texmf-dist/tex/generic/pgf/math/pgfmathfunctions.basic.code
.tex)
(/usr/share/texlive/texmf-dist/tex/generic/pgf/math/pgfmathfunctions.trigonomet
ric.code.tex)
(/usr/share/texlive/texmf-dist/tex/generic/pgf/math/pgfmathfunctions.random.cod
e.tex)
(/usr/share/texlive/texmf-dist/tex/generic/pgf/math/pgfmathfunctions.comparison
.code.tex)
(/usr/share/texlive/texmf-dist/tex/generic/pgf/math/pgfmathfunctions.base.code.
tex)
(/usr/share/texlive/texmf-dist/tex/generic/pgf/math/pgfmathfunctions.round.code
.tex)
(/usr/share/texlive/texmf-dist/tex/generic/pgf/math/pgfmathfunctions.misc.code.
tex)
(/usr/share/texlive/texmf-dist/tex/generic/pgf/math/pgfmathfunctions.integerari
thmetics.code.tex)
(/usr/share/texlive/texmf-dist/tex/generic/pgf/math/pgfmathcalc.code.tex)
(/usr/share/texlive/texmf-dist/tex/generic/pgf/math/pgfmathfloat.code.tex
\c@pgfmathroundto@lastzeros=\count435
))
(/usr/share/texlive/texmf-dist/tex/generic/pgf/math/pgfint.code.tex)
(/usr/share/texlive/texmf-dist/tex/generic/pgf/basiclayer/pgfcorepoints.code.te
x
File: pgfcorepoints.code.tex 2023-01-15 v3.1.10 (3.1.10)
\pgf@picminx=\dimen180
\pgf@picmaxx=\dimen181
\pgf@picminy=\dimen182
\pgf@picmaxy=\dimen183
\pgf@pathminx=\dimen184
\pgf@pathmaxx=\dimen185
\pgf@pathminy=\dimen186
\pgf@pathmaxy=\dimen187
\pgf@xx=\dimen188
\pgf@xy=\dimen189
\pgf@yx=\dimen190
\pgf@yy=\dimen191
\pgf@zx=\dimen192
\pgf@zy=\dimen193
)
(/usr/share/texlive/texmf-dist/tex/generic/pgf/basiclayer/pgfcorepathconstruct.
code.tex
File: pgfcorepathconstruct.code.tex 2023-01-15 v3.1.10 (3.1.10)
\pgf@path@lastx=\dimen194
\pgf@path@lasty=\dimen195
)
(/usr/share/texlive/texmf-dist/tex/generic/pgf/basiclayer/pgfcorepathusage.code
.tex
File: pgfcorepathusage.code.tex 2023-01-15 v3.1.10 (3.1.10)
\pgf@shorten@end@additional=\dimen196
\pgf@shorten@start@additional=\dimen197
)
(/usr/share/texlive/texmf-dist/tex/generic/pgf/basiclayer/pgfcorescopes.code.te
x
File: pgfcorescopes.code.tex 2023-01-15 v3.1.10 (3.1.10)
\pgfpic=\box57
\pgf@hbox=\box58
\pgf@layerbox@main=\box59
\pgf@picture@serial@count=\count436
)
(/usr/share/texlive/texmf-dist/tex/generic/pgf/basiclayer/pgfcoregraphicstate.c
ode.tex
File: pgfcoregraphicstate.code.tex 2023-01-15 v3.1.10 (3.1.10)
\pgflinewidth=\dimen198
)
(/usr/share/texlive/texmf-dist/tex/generic/pgf/basiclayer/pgfcoretransformation
s.code.tex
File: pgfcoretransformations.code.tex 2023-01-15 v3.1.10 (3.1.10)
\pgf@pt@x=\dimen199
\pgf@pt@y=\dimen256
\pgf@pt@temp=\dimen257
)
(/usr/share/texlive/texmf-dist/tex/generic/pgf/basiclayer/pgfcorequick.code.tex
File: pgfcorequick.code.tex 2023-01-15 v3.1.10 (3.1.10)
)
(/usr/share/texlive/texmf-dist/tex/generic/pgf/basiclayer/pgfcoreobjects.code.t
ex
File: pgfcoreobjects.code.tex 2023-01-15 v3.1.10 (3.1.10)
)
(/usr/share/texlive/texmf-dist/tex/generic/pgf/basiclayer/pgfcorepathprocessing
.code.tex
File: pgfcorepathprocessing.code.tex 2023-01-15 v3.1.10 (3.1.10)
)
(/usr/share/texlive/texmf-dist/tex/generic/pgf/basiclayer/pgfcorearrows.code.te
x
File: pgfcorearrows.code.tex 2023-01-15 v3.1.10 (3.1.10)
\pgfarrowsep=\dimen258
)
(/usr/share/texlive/texmf-dist/tex/generic/pgf/basiclayer/pgfcoreshade.code.tex
File: pgfcoreshade.code.tex 2023-01-15 v3.1.10 (3.1.10)
\pgf@max=\dimen259
\pgf@sys@shading@range@num=\count437
\pgf@shadingcount=\count438
)
(/usr/share/texlive/texmf-dist/tex/generic/pgf/basiclayer/pgfcoreimage.code.tex
File: pgfcoreimage.code.tex 2023-01-15 v3.1.10 (3.1.10)
)
(/usr/share/texlive/texmf-dist/tex/generic/pgf/basiclayer/pgfcoreexternal.code.
tex
File: pgfcoreexternal.code.tex 2023-01-15 v3.1.10 (3.1.10)
\pgfexternal@startupbox=\box60
)
(/usr/share/texlive/texmf-dist/tex/generic/pgf/basiclayer/pgfcorelayers.code.te
x
File: pgfcorelayers.code.tex 2023-01-15 v3.1.10 (3.1.10)
)
(/usr/share/texlive/texmf-dist/tex/generic/pgf/basiclayer/pgfcoretransparency.c
ode.tex
File: pgfcoretransparency.code.tex 2023-01-15 v3.1.10 (3.1.10)
)
(/usr/share/texlive/texmf-dist/tex/generic/pgf/basiclayer/pgfcorepatterns.code.
tex
File: pgfcorepatterns.code.tex 2023-01-15 v3.1.10 (3.1.10)
)
(/usr/share/texlive/texmf-dist/tex/generic/pgf/basiclayer/pgfcorerdf.code.tex
File: pgfcorerdf.code.tex 2023-01-15 v3.1.10 (3.1.10)
)))
(/usr/share/texlive/texmf-dist/tex/generic/pgf/modules/pgfmoduleshapes.code.tex
File: pgfmoduleshapes.code.tex 2023-01-15 v3.1.10 (3.1.10)
\pgfnodeparttextbox=\box61
) (/usr/share/texlive/texmf-dist/tex/generic/pgf/modules/pgfmoduleplot.code.tex
File: pgfmoduleplot.code.tex 2023-01-15 v3.1.10 (3.1.10)
)
(/usr/share/texlive/texmf-dist/tex/latex/pgf/compatibility/pgfcomp-version-0-65
.sty
Package: pgfcomp-version-0-65 2023-01-15 v3.1.10 (3.1.10)
\pgf@nodesepstart=\dimen260
\pgf@nodesepend=\dimen261
)
(/usr/share/texlive/texmf-dist/tex/latex/pgf/compatibility/pgfcomp-version-1-18
.sty
Package: pgfcomp-version-1-18 2023-01-15 v3.1.10 (3.1.10)
)) (/usr/share/texlive/texmf-dist/tex/latex/pgf/utilities/pgffor.sty
(/usr/share/texlive/texmf-dist/tex/latex/pgf/utilities/pgfkeys.sty
(/usr/share/texlive/texmf-dist/tex/generic/pgf/utilities/pgfkeys.code.tex))
(/usr/share/texlive/texmf-dist/tex/latex/pgf/math/pgfmath.sty
(/usr/share/texlive/texmf-dist/tex/generic/pgf/math/pgfmath.code.tex))
(/usr/share/texlive/texmf-dist/tex/generic/pgf/utilities/pgffor.code.tex
Package: pgffor 2023-01-15 v3.1.10 (3.1.10)
\pgffor@iter=\dimen262
\pgffor@skip=\dimen263
\pgffor@stack=\toks36
\pgffor@toks=\toks37
))
(/usr/share/texlive/texmf-dist/tex/generic/pgf/frontendlayer/tikz/tikz.code.tex
Package: tikz 2023-01-15 v3.1.10 (3.1.10)

(/usr/share/texlive/texmf-dist/tex/generic/pgf/libraries/pgflibraryplothandlers
.code.tex
File: pgflibraryplothandlers.code.tex 2023-01-15 v3.1.10 (3.1.10)
\pgf@plot@mark@count=\count439
\pgfplotmarksize=\dimen264
)
\tikz@lastx=\dimen265
\tikz@lasty=\dimen266
\tikz@lastxsaved=\dimen267
\tikz@lastysaved=\dimen268
\tikz@lastmovetox=\dimen269
\tikz@lastmovetoy=\dimen270
\tikzleveldistance=\dimen271
\tikzsiblingdistance=\dimen272
\tikz@figbox=\box62
\tikz@figbox@bg=\box63
\tikz@tempbox=\box64
\tikz@tempbox@bg=\box65
\tikztreelevel=\count440
\tikznumberofchildren=\count441
\tikznumberofcurrentchild=\count442
\tikz@fig@count=\count443

(/usr/share/texlive/texmf-dist/tex/generic/pgf/modules/pgfmodulematrix.code.tex
File: pgfmodulematrix.code.tex 2023-01-15 v3.1.10 (3.1.10)
\pgfmatrixcurrentrow=\count444
\pgfmatrixcurrentcolumn=\count445
\pgf@matrix@numberofcolumns=\count446
)
\tikz@expandcount=\count447

(/usr/share/texlive/texmf-dist/tex/generic/pgf/frontendlayer/tikz/libraries/tik
zlibrarytopaths.code.tex
File: tikzlibrarytopaths.code.tex 2023-01-15 v3.1.10 (3.1.10)
)))
(/usr/share/texlive/texmf-dist/tex/generic/pgf/libraries/pgflibraryarrows.meta.
code.tex
File: pgflibraryarrows.meta.code.tex 2023-01-15 v3.1.10 (3.1.10)
\pgfarrowinset=\dimen273
\pgfarrowlength=\dimen274
\pgfarrowwidth=\dimen275
\pgfarrowlinewidth=\dimen276
)
(/usr/share/texlive/texmf-dist/tex/generic/pgf/frontendlayer/tikz/libraries/tik
zlibrarypositioning.code.tex
File: tikzlibrarypositioning.code.tex 2023-01-15 v3.1.10 (3.1.10)
)
(/usr/share/texlive/texmf-dist/tex/generic/pgf/frontendlayer/tikz/libraries/tik
zlibrarycalc.code.tex
File: tikzlibrarycalc.code.tex 2023-01-15 v3.1.10 (3.1.10)
)
\@quotelevel=\count448
\@quotereset=\count449
 (build/Main.aux)
\openout1 = `Main.aux'.

LaTeX Font Info:    Checking defaults for OML/cmm/m/it on input line 114.
LaTeX Font Info:    ... okay on input line 114.
LaTeX Font Info:    Checking defaults for OMS/cmsy/m/n on input line 114.
LaTeX Font Info:    ... okay on input line 114.
LaTeX Font Info:    Checking defaults for OT1/cmr/m/n on input line 114.
LaTeX Font Info:    ... okay on input line 114.
LaTeX Font Info:    Checking defaults for T1/cmr/m/n on input line 114.
LaTeX Font Info:    ... okay on input line 114.
LaTeX Font Info:    Checking defaults for TS1/cmr/m/n on input line 114.
LaTeX Font Info:    ... okay on input line 114.
LaTeX Font Info:    Checking defaults for OMX/cmex/m/n on input line 114.
LaTeX Font Info:    ... okay on input line 114.
LaTeX Font Info:    Checking defaults for U/cmr/m/n on input line 114.
LaTeX Font Info:    ... okay on input line 114.
LaTeX Font Info:    Checking defaults for LUC/nanummj/m/n on input line 114.
LaTeX Font Info:    Trying to load font information for LUC+nanummj on input li
ne 114.

(/usr/share/texlive/texmf-dist/tex/latex/nanumtype1/lucnanummj.fd
File: lucnanummj.fd 2013/02/12 v0.1 Nanum Myeongjo font definitions
)
LaTeX Font Info:    ... okay on input line 114.
LaTeX Font Info:    Checking defaults for PD1/pdf/m/n on input line 114.
LaTeX Font Info:    ... okay on input line 114.
LaTeX Font Info:    Checking defaults for PU/pdf/m/n on input line 114.
LaTeX Font Info:    ... okay on input line 114.

(/usr/share/texlive/texmf-dist/tex/context/base/mkii/supp-pdf.mkii
[Loading MPS to PDF converter (version 2006.09.02).]
\scratchcounter=\count450
\scratchdimen=\dimen277
\scratchbox=\box66
\nofMPsegments=\count451
\nofMParguments=\count452
\everyMPshowfont=\toks38
\MPscratchCnt=\count453
\MPscratchDim=\dimen278
\MPnumerator=\count454
\makeMPintoPDFobject=\count455
\everyMPtoPDFconversion=\toks39
) (/usr/share/texlive/texmf-dist/tex/latex/epstopdf-pkg/epstopdf-base.sty
Package: epstopdf-base 2020-01-24 v2.11 Base part for package epstopdf
Package epstopdf-base Info: Redefining graphics rule for `.eps' on input line 4
85.

(/usr/share/texlive/texmf-dist/tex/latex/latexconfig/epstopdf-sys.cfg
File: epstopdf-sys.cfg 2010/07/13 v1.3 Configuration of (r)epstopdf for TeX Liv
e
))
Package caption Info: Begin \AtBeginDocument code.
Package caption Info: subfig package v1.3 is loaded.
Package caption Info: hyperref package is loaded.
Package caption Info: rotating package is loaded.
Package caption Info: End \AtBeginDocument code.
Package biblatex Info: Trying to load language 'english'...
Package biblatex Info: ... file 'english.lbx' found.

(/usr/share/texlive/texmf-dist/tex/latex/biblatex/lbx/english.lbx
File: english.lbx 2024/03/21 v3.20 biblatex localization (PK/MW)
)
Package biblatex Info: Input encoding 'utf8' detected.
Package biblatex Info: Automatic encoding selection.
(biblatex)             Assuming data encoding 'utf8'.
\openout3 = `Main.bcf'.

Package biblatex Info: Trying to load bibliographic data...
Package biblatex Info: ... file 'Main.bbl' found.

(build/Main.bbl)
Package biblatex Info: Reference section=0 on input line 114.
Package biblatex Info: Reference segment=0 on input line 114.
Package hyperref Info: Link coloring OFF on input line 114.
 (build/Main.out) (build/Main.out)
\@outlinefile=\write5
\openout5 = `Main.out'.

LaTeX Font Info:    Calculating math sizes for size <22> on input line 116.
LaTeX Font Info:    Trying to load font information for U+msa on input line 116
.

(/usr/share/texlive/texmf-dist/tex/latex/amsfonts/umsa.fd
File: umsa.fd 2013/01/14 v3.01 AMS symbols A
)
LaTeX Font Info:    Trying to load font information for U+msb on input line 116
.

(/usr/share/texlive/texmf-dist/tex/latex/amsfonts/umsb.fd
File: umsb.fd 2013/01/14 v3.01 AMS symbols B
)
LaTeX Font Info:    Calculating math sizes for size <16> on input line 116.
 [1



{/var/lib/texmf/fonts/map/pdftex/updmap/pdftex.map}] [2


]
LaTeX Font Info:    Calculating math sizes for size <14> on input line 118.
 [3


] (./Sections/abstract.tex [1


])
(build/Main.toc [2

] [3])
\tf@toc=\write6
\openout6 = `Main.toc'.

 [4] (build/Main.lof [5

]
Overfull \hbox (5.20456pt too wide) in paragraph at lines 24--24
 [][] [][]\OT1/cmr/m/n/10.95 Signal branch-ing frac-tion $\OMS/cmsy/m/n/10.95 B
[]$ \OT1/cmr/m/n/10.95 (Eq. []2.64[]) in the $(\OML/cmm/m/it/10.95 m[]; m[]\OT1
/cmr/m/n/10.95 )$ 
 []

[6]
Overfull \hbox (23.57304pt too wide) in paragraph at lines 44--44
 \OT1/cmr/m/n/10.95 shows HLT stream rates dur-ing a typ-i-cal Run 3 fill (Fill
 10690, 
 []

[7] [8]
Overfull \hbox (6.63748pt too wide) in paragraph at lines 96--96
 \OT1/cmr/m/n/10.95 show the muon ($\OML/cmm/m/it/10.95 p[] > \OT1/cmr/m/n/10.9
5 23$$ []$) and elec-tron ($\OML/cmm/m/it/10.95 p[] > \OT1/cmr/m/n/10.95 12$$ [
]$) 
 []

[9]
Overfull \hbox (3.94894pt too wide) in paragraph at lines 127--127
 \OT1/cmr/m/n/10.95 lead-ing jet $\OML/cmm/m/it/10.95 p[]$ \OT1/cmr/m/n/10.95 (
cen-ter), and lead-ing b-tagged jet $\OML/cmm/m/it/10.95 p[]$ \OT1/cmr/m/n/10.9
5 (right) 
 []

[10]
Overfull \hbox (2.16092pt too wide) in paragraph at lines 135--135
 [][] [][]\OT1/cmr/m/n/10.95 Measured fake rates in data for elec-trons (left) 
and muons 
 []


Overfull \hbox (15.54425pt too wide) in paragraph at lines 135--135
 \OT1/cmr/m/n/10.95 four Run 2 data-taking pe-ri-ods, 2016pre-VFP, 2016postVFP,
 
 []

[11]
Overfull \hbox (2.16092pt too wide) in paragraph at lines 136--136
 [][] [][]\OT1/cmr/m/n/10.95 Measured fake rates in data for elec-trons (left) 
and muons 
 []

[12]
Overfull \hbox (8.38875pt too wide) in paragraph at lines 141--141
 \OT1/cmr/m/n/10.95 reweight-ing, and $\OML/cmm/m/it/10.95 ^^V^^V^^V$ \OT1/cmr/
m/n/10.95 af-ter reweight-ing. The three columns 
 []


Overfull \hbox (3.13426pt too wide) in paragraph at lines 142--142
 [][] [][]\OT1/cmr/m/n/10.95 Impacts of sys-tem-atic un-cer-tain-ties on the si
g-nal strength 
 []


Overfull \hbox (3.13426pt too wide) in paragraph at lines 143--143
 [][] [][]\OT1/cmr/m/n/10.95 Impacts of sys-tem-atic un-cer-tain-ties on the si
g-nal strength 
 []


Overfull \hbox (3.13426pt too wide) in paragraph at lines 144--144
 [][] [][]\OT1/cmr/m/n/10.95 Impacts of sys-tem-atic un-cer-tain-ties on the si
g-nal strength 
 []


Overfull \hbox (3.13426pt too wide) in paragraph at lines 145--145
 [][] [][]\OT1/cmr/m/n/10.95 Impacts of sys-tem-atic un-cer-tain-ties on the si
g-nal strength 
 []


Overfull \hbox (0.41966pt too wide) in paragraph at lines 150--150
 [][] [][]\OT1/cmr/m/n/10.95 Prefit and background-only post-fit sum-maries in 
the $\OML/cmm/m/it/10.95 ^^V^^V^^V$ 
 []

[13]
Overfull \hbox (2.20372pt too wide) in paragraph at lines 153--153
 \OT1/cmr/m/n/10.95 with classifier-based LR op-ti-miza-tion at $\OML/cmm/m/it/
10.95 m[] \OT1/cmr/m/n/10.95 = 160$$ []$, 
 []


Overfull \hbox (0.18379pt too wide) in paragraph at lines 156--156
 \OT1/cmr/m/n/10.95 Run 2 and Run 3 com-bined dataset. The lim-its are shown 
 []

)
\tf@lof=\write7
\openout7 = `Main.lof'.

 [14] (build/Main.lot [15

]
Overfull \hbox (3.58289pt too wide) in paragraph at lines 12--12
 [][] [][]\OT1/cmr/m/n/10.95 Electron iden-ti-fi-ca-tion cri-te-ria for the tig
ht and loose work- 
 []


Overfull \hbox (11.54187pt too wide) in paragraph at lines 12--12
 \OT1/cmr/m/n/10.95 ing points. Val-ues in paren-the-ses de-note $\OML/cmm/m/it
/10.95 ^^Q$\OT1/cmr/m/n/10.95 -dependent thresh- 
 []

[16])
\tf@lot=\write8
\openout8 = `Main.lot'.

 [17] (./Sections/introduction.tex
Chapter 1.
[1


] [2] [3]) (./Sections/theory.tex [4]
Chapter 2.
[5

]
LaTeX Font Info:    Trying to load font information for U+euf on input line 24.

 (/usr/share/texlive/texmf-dist/tex/latex/amsfonts/ueuf.fd
File: ueuf.fd 2013/01/14 v3.01 Euler Fraktur
)
Overfull \hbox (0.66386pt too wide) in paragraph at lines 27--29
\OT1/cmr/m/n/10.95 Finite-dimensional rep-re-sen-ta-tions are there-fore la-bel
ed by a pair $(\OML/cmm/m/it/10.95 j[]; j[]\OT1/cmr/m/n/10.95 )$, where
 []

[6] [7{/usr/share/texlive/texmf-dist/fonts/enc/dvips/cm-super/cm-super-ts1.enc}
] [8] [9] [10] [11] [12] [13] [14] [15] [16] [17]
Overfull \hbox (4.73845pt too wide) in paragraph at lines 295--296
[]\OT1/cmr/m/n/10.95 The quar-tic cou-plings $\OML/cmm/m/it/10.95 ^^U[]$ \OT1/c
mr/m/n/10.95 are sub-ject to the-o-ret-i-cal con-sis-tency con-di-tions [[]21[]
],
 []


Overfull \hbox (7.5702pt too wide) in paragraph at lines 295--296
\OT1/cmr/m/n/10.95 in-clud-ing vac-uum sta-bil-ity (po-ten-tial bounded from be
-low), per-tur-ba-tiv-ity ($\OMS/cmsy/m/n/10.95 j\OML/cmm/m/it/10.95 ^^U[]\OMS/
cmsy/m/n/10.95 j \U/msa/m/n/10.95 .
 []

[18] [19] [20] [21] [22] [23] [24]
<2HDMC/outputs/plots/type1/TopBR.png, id=1141, 598.235pt x 574.145pt>
File: 2HDMC/outputs/plots/type1/TopBR.png Graphic file (type png)
<use 2HDMC/outputs/plots/type1/TopBR.png>
Package pdftex.def Info: 2HDMC/outputs/plots/type1/TopBR.png  used on input lin
e 484.
(pdftex.def)             Requested size: 180.27504pt x 173.01576pt.
<2HDMC/outputs/plots/type1/TopBR2D.png, id=1142, 598.235pt x 574.145pt>
File: 2HDMC/outputs/plots/type1/TopBR2D.png Graphic file (type png)
<use 2HDMC/outputs/plots/type1/TopBR2D.png>
Package pdftex.def Info: 2HDMC/outputs/plots/type1/TopBR2D.png  used on input l
ine 486.
(pdftex.def)             Requested size: 180.27504pt x 173.01576pt.

Underfull \hbox (badness 3396) in paragraph at lines 487--487
[]\OT1/cmr/m/n/10.95 Figure 2.1: |Branch-ing frac-tion $\OMS/cmsy/m/n/10.95 B\O
T1/cmr/m/n/10.95 (\OML/cmm/m/it/10.95 t \OMS/cmsy/m/n/10.95 ! [][]\OML/cmm/m/it
/10.95 b\OT1/cmr/m/n/10.95 )$ in the Type-I 2HDM
 []

[25] [26 <./2HDMC/outputs/plots/type1/TopBR.png> <./2HDMC/outputs/plots/type1/T
opBR2D.png>] [27]
<2HDMC/outputs/plots/type1/HcDecay_tanb1.png, id=1186, 598.235pt x 574.145pt>
File: 2HDMC/outputs/plots/type1/HcDecay_tanb1.png Graphic file (type png)
<use 2HDMC/outputs/plots/type1/HcDecay_tanb1.png>
Package pdftex.def Info: 2HDMC/outputs/plots/type1/HcDecay_tanb1.png  used on i
nput line 515.
(pdftex.def)             Requested size: 90.14038pt x 86.5035pt.
<2HDMC/outputs/plots/type2/HcDecay_tanb1.png, id=1187, 598.235pt x 574.145pt>
File: 2HDMC/outputs/plots/type2/HcDecay_tanb1.png Graphic file (type png)
<use 2HDMC/outputs/plots/type2/HcDecay_tanb1.png>
Package pdftex.def Info: 2HDMC/outputs/plots/type2/HcDecay_tanb1.png  used on i
nput line 516.
(pdftex.def)             Requested size: 90.14038pt x 86.5035pt.
<2HDMC/outputs/plots/type3/HcDecay_tanb1.png, id=1188, 598.235pt x 574.145pt>
File: 2HDMC/outputs/plots/type3/HcDecay_tanb1.png Graphic file (type png)
<use 2HDMC/outputs/plots/type3/HcDecay_tanb1.png>
Package pdftex.def Info: 2HDMC/outputs/plots/type3/HcDecay_tanb1.png  used on i
nput line 517.
(pdftex.def)             Requested size: 90.14038pt x 86.5035pt.
<2HDMC/outputs/plots/type4/HcDecay_tanb1.png, id=1189, 598.235pt x 574.145pt>
File: 2HDMC/outputs/plots/type4/HcDecay_tanb1.png Graphic file (type png)
<use 2HDMC/outputs/plots/type4/HcDecay_tanb1.png>
Package pdftex.def Info: 2HDMC/outputs/plots/type4/HcDecay_tanb1.png  used on i
nput line 518.
(pdftex.def)             Requested size: 90.14038pt x 86.5035pt.
<2HDMC/outputs/plots/type1/HcDecay_tanb5.png, id=1190, 598.235pt x 574.145pt>
File: 2HDMC/outputs/plots/type1/HcDecay_tanb5.png Graphic file (type png)
<use 2HDMC/outputs/plots/type1/HcDecay_tanb5.png>
Package pdftex.def Info: 2HDMC/outputs/plots/type1/HcDecay_tanb5.png  used on i
nput line 519.
(pdftex.def)             Requested size: 90.14038pt x 86.5035pt.
<2HDMC/outputs/plots/type2/HcDecay_tanb5.png, id=1191, 598.235pt x 574.145pt>
File: 2HDMC/outputs/plots/type2/HcDecay_tanb5.png Graphic file (type png)
<use 2HDMC/outputs/plots/type2/HcDecay_tanb5.png>
Package pdftex.def Info: 2HDMC/outputs/plots/type2/HcDecay_tanb5.png  used on i
nput line 520.
(pdftex.def)             Requested size: 90.14038pt x 86.5035pt.
<2HDMC/outputs/plots/type3/HcDecay_tanb5.png, id=1192, 598.235pt x 574.145pt>
File: 2HDMC/outputs/plots/type3/HcDecay_tanb5.png Graphic file (type png)
<use 2HDMC/outputs/plots/type3/HcDecay_tanb5.png>
Package pdftex.def Info: 2HDMC/outputs/plots/type3/HcDecay_tanb5.png  used on i
nput line 521.
(pdftex.def)             Requested size: 90.14038pt x 86.5035pt.
<2HDMC/outputs/plots/type4/HcDecay_tanb5.png, id=1193, 598.235pt x 574.145pt>
File: 2HDMC/outputs/plots/type4/HcDecay_tanb5.png Graphic file (type png)
<use 2HDMC/outputs/plots/type4/HcDecay_tanb5.png>
Package pdftex.def Info: 2HDMC/outputs/plots/type4/HcDecay_tanb5.png  used on i
nput line 522.
(pdftex.def)             Requested size: 90.14038pt x 86.5035pt.
 [28] [29 <./2HDMC/outputs/plots/type1/HcDecay_tanb1.png> <./2HDMC/outputs/plot
s/type2/HcDecay_tanb1.png> <./2HDMC/outputs/plots/type3/HcDecay_tanb1.png> <./2
HDMC/outputs/plots/type4/HcDecay_tanb1.png> <./2HDMC/outputs/plots/type1/HcDeca
y_tanb5.png> <./2HDMC/outputs/plots/type2/HcDecay_tanb5.png> <./2HDMC/outputs/p
lots/type3/HcDecay_tanb5.png> <./2HDMC/outputs/plots/type4/HcDecay_tanb5.png>]
<2HDMC/outputs/plots/type1/ADecay_tanb1_mHc160.png, id=1219, 598.235pt x 574.14
5pt>
File: 2HDMC/outputs/plots/type1/ADecay_tanb1_mHc160.png Graphic file (type png)

<use 2HDMC/outputs/plots/type1/ADecay_tanb1_mHc160.png>
Package pdftex.def Info: 2HDMC/outputs/plots/type1/ADecay_tanb1_mHc160.png  use
d on input line 551.
(pdftex.def)             Requested size: 90.14038pt x 86.5035pt.
<2HDMC/outputs/plots/type2/ADecay_tanb1_mHc160.png, id=1220, 598.235pt x 574.14
5pt>
File: 2HDMC/outputs/plots/type2/ADecay_tanb1_mHc160.png Graphic file (type png)

<use 2HDMC/outputs/plots/type2/ADecay_tanb1_mHc160.png>
Package pdftex.def Info: 2HDMC/outputs/plots/type2/ADecay_tanb1_mHc160.png  use
d on input line 552.
(pdftex.def)             Requested size: 90.14038pt x 86.5035pt.
<2HDMC/outputs/plots/type3/ADecay_tanb1_mHc160.png, id=1221, 598.235pt x 574.14
5pt>
File: 2HDMC/outputs/plots/type3/ADecay_tanb1_mHc160.png Graphic file (type png)

<use 2HDMC/outputs/plots/type3/ADecay_tanb1_mHc160.png>
Package pdftex.def Info: 2HDMC/outputs/plots/type3/ADecay_tanb1_mHc160.png  use
d on input line 553.
(pdftex.def)             Requested size: 90.14038pt x 86.5035pt.
<2HDMC/outputs/plots/type4/ADecay_tanb1_mHc160.png, id=1222, 598.235pt x 574.14
5pt>
File: 2HDMC/outputs/plots/type4/ADecay_tanb1_mHc160.png Graphic file (type png)

<use 2HDMC/outputs/plots/type4/ADecay_tanb1_mHc160.png>
Package pdftex.def Info: 2HDMC/outputs/plots/type4/ADecay_tanb1_mHc160.png  use
d on input line 554.
(pdftex.def)             Requested size: 90.14038pt x 86.5035pt.
<2HDMC/outputs/plots/type1/ADecay_tanb5_mHc160.png, id=1223, 598.235pt x 574.14
5pt>
File: 2HDMC/outputs/plots/type1/ADecay_tanb5_mHc160.png Graphic file (type png)

<use 2HDMC/outputs/plots/type1/ADecay_tanb5_mHc160.png>
Package pdftex.def Info: 2HDMC/outputs/plots/type1/ADecay_tanb5_mHc160.png  use
d on input line 555.
(pdftex.def)             Requested size: 90.14038pt x 86.5035pt.
<2HDMC/outputs/plots/type2/ADecay_tanb5_mHc160.png, id=1224, 598.235pt x 574.14
5pt>
File: 2HDMC/outputs/plots/type2/ADecay_tanb5_mHc160.png Graphic file (type png)

<use 2HDMC/outputs/plots/type2/ADecay_tanb5_mHc160.png>
Package pdftex.def Info: 2HDMC/outputs/plots/type2/ADecay_tanb5_mHc160.png  use
d on input line 556.
(pdftex.def)             Requested size: 90.14038pt x 86.5035pt.
<2HDMC/outputs/plots/type3/ADecay_tanb5_mHc160.png, id=1225, 598.235pt x 574.14
5pt>
File: 2HDMC/outputs/plots/type3/ADecay_tanb5_mHc160.png Graphic file (type png)

<use 2HDMC/outputs/plots/type3/ADecay_tanb5_mHc160.png>
Package pdftex.def Info: 2HDMC/outputs/plots/type3/ADecay_tanb5_mHc160.png  use
d on input line 557.
(pdftex.def)             Requested size: 90.14038pt x 86.5035pt.
<2HDMC/outputs/plots/type4/ADecay_tanb5_mHc160.png, id=1226, 598.235pt x 574.14
5pt>
File: 2HDMC/outputs/plots/type4/ADecay_tanb5_mHc160.png Graphic file (type png)

<use 2HDMC/outputs/plots/type4/ADecay_tanb5_mHc160.png>
Package pdftex.def Info: 2HDMC/outputs/plots/type4/ADecay_tanb5_mHc160.png  use
d on input line 558.
(pdftex.def)             Requested size: 90.14038pt x 86.5035pt.
 [30 <./2HDMC/outputs/plots/type1/ADecay_tanb1_mHc160.png> <./2HDMC/outputs/plo
ts/type2/ADecay_tanb1_mHc160.png> <./2HDMC/outputs/plots/type3/ADecay_tanb1_mHc
160.png> <./2HDMC/outputs/plots/type4/ADecay_tanb1_mHc160.png> <./2HDMC/outputs
/plots/type1/ADecay_tanb5_mHc160.png> <./2HDMC/outputs/plots/type2/ADecay_tanb5
_mHc160.png> <./2HDMC/outputs/plots/type3/ADecay_tanb5_mHc160.png> <./2HDMC/out
puts/plots/type4/ADecay_tanb5_mHc160.png>] [31]
<2HDMC/outputs/plots/type1/Bsig_tanb1.png, id=1250, 598.235pt x 574.145pt>
File: 2HDMC/outputs/plots/type1/Bsig_tanb1.png Graphic file (type png)
<use 2HDMC/outputs/plots/type1/Bsig_tanb1.png>
Package pdftex.def Info: 2HDMC/outputs/plots/type1/Bsig_tanb1.png  used on inpu
t line 596.
(pdftex.def)             Requested size: 90.14038pt x 86.5035pt.
<2HDMC/outputs/plots/type2/Bsig_tanb1.png, id=1251, 598.235pt x 574.145pt>
File: 2HDMC/outputs/plots/type2/Bsig_tanb1.png Graphic file (type png)
<use 2HDMC/outputs/plots/type2/Bsig_tanb1.png>
Package pdftex.def Info: 2HDMC/outputs/plots/type2/Bsig_tanb1.png  used on inpu
t line 597.
(pdftex.def)             Requested size: 90.14038pt x 86.5035pt.
<2HDMC/outputs/plots/type3/Bsig_tanb1.png, id=1252, 598.235pt x 574.145pt>
File: 2HDMC/outputs/plots/type3/Bsig_tanb1.png Graphic file (type png)
<use 2HDMC/outputs/plots/type3/Bsig_tanb1.png>
Package pdftex.def Info: 2HDMC/outputs/plots/type3/Bsig_tanb1.png  used on inpu
t line 598.
(pdftex.def)             Requested size: 90.14038pt x 86.5035pt.
<2HDMC/outputs/plots/type4/Bsig_tanb1.png, id=1253, 598.235pt x 574.145pt>
File: 2HDMC/outputs/plots/type4/Bsig_tanb1.png Graphic file (type png)
<use 2HDMC/outputs/plots/type4/Bsig_tanb1.png>
Package pdftex.def Info: 2HDMC/outputs/plots/type4/Bsig_tanb1.png  used on inpu
t line 599.
(pdftex.def)             Requested size: 90.14038pt x 86.5035pt.
<2HDMC/outputs/plots/type1/Bsig_tanb5.png, id=1254, 598.235pt x 574.145pt>
File: 2HDMC/outputs/plots/type1/Bsig_tanb5.png Graphic file (type png)
<use 2HDMC/outputs/plots/type1/Bsig_tanb5.png>
Package pdftex.def Info: 2HDMC/outputs/plots/type1/Bsig_tanb5.png  used on inpu
t line 600.
(pdftex.def)             Requested size: 90.14038pt x 86.5035pt.
<2HDMC/outputs/plots/type2/Bsig_tanb5.png, id=1255, 598.235pt x 574.145pt>
File: 2HDMC/outputs/plots/type2/Bsig_tanb5.png Graphic file (type png)
<use 2HDMC/outputs/plots/type2/Bsig_tanb5.png>
Package pdftex.def Info: 2HDMC/outputs/plots/type2/Bsig_tanb5.png  used on inpu
t line 601.
(pdftex.def)             Requested size: 90.14038pt x 86.5035pt.
<2HDMC/outputs/plots/type3/Bsig_tanb5.png, id=1256, 598.235pt x 574.145pt>
File: 2HDMC/outputs/plots/type3/Bsig_tanb5.png Graphic file (type png)
<use 2HDMC/outputs/plots/type3/Bsig_tanb5.png>
Package pdftex.def Info: 2HDMC/outputs/plots/type3/Bsig_tanb5.png  used on inpu
t line 602.
(pdftex.def)             Requested size: 90.14038pt x 86.5035pt.
<2HDMC/outputs/plots/type4/Bsig_tanb5.png, id=1257, 598.235pt x 574.145pt>
File: 2HDMC/outputs/plots/type4/Bsig_tanb5.png Graphic file (type png)
<use 2HDMC/outputs/plots/type4/Bsig_tanb5.png>
Package pdftex.def Info: 2HDMC/outputs/plots/type4/Bsig_tanb5.png  used on inpu
t line 603.
(pdftex.def)             Requested size: 90.14038pt x 86.5035pt.
 [32 <./2HDMC/outputs/plots/type1/Bsig_tanb1.png> <./2HDMC/outputs/plots/type2/
Bsig_tanb1.png> <./2HDMC/outputs/plots/type3/Bsig_tanb1.png> <./2HDMC/outputs/p
lots/type4/Bsig_tanb1.png> <./2HDMC/outputs/plots/type1/Bsig_tanb5.png> <./2HDM
C/outputs/plots/type2/Bsig_tanb5.png> <./2HDMC/outputs/plots/type3/Bsig_tanb5.p
ng> <./2HDMC/outputs/plots/type4/Bsig_tanb5.png>] [33] [34] [35]) (./Sections/e
xperiment.tex
[36]
Chapter 3.
[37

]
<Figures/experiments/CCC-v2017.png, id=1364, 804.00375pt x 492.84125pt>
File: Figures/experiments/CCC-v2017.png Graphic file (type png)
<use Figures/experiments/CCC-v2017.png>
Package pdftex.def Info: Figures/experiments/CCC-v2017.png  used on input line 
15.
(pdftex.def)             Requested size: 319.2422pt x 195.68913pt.
 [38 <./Figures/experiments/CCC-v2017.png>]
Overfull \hbox (12.99408pt too wide) in paragraph at lines 44--45
[]\OT1/cmr/m/n/10.95 The high in-stan-ta-neous lu-mi-nos-ity also pro-duces mul
-ti-ple si-mul-ta-ne-ous proton-
 []

<Figures/experiments/int_lumi_allcumulative_pp_run2and3.pdf, id=1382, 578.16pt 
x 433.62pt>
File: Figures/experiments/int_lumi_allcumulative_pp_run2and3.pdf Graphic file (
type pdf)
<use Figures/experiments/int_lumi_allcumulative_pp_run2and3.pdf>
Package pdftex.def Info: Figures/experiments/int_lumi_allcumulative_pp_run2and3
.pdf  used on input line 52.
(pdftex.def)             Requested size: 180.27504pt x 135.20155pt.
<Figures/experiments/int_lumi_cumulative_pp_2_run2and3.pdf, id=1383, 578.16pt x
 433.62pt>
File: Figures/experiments/int_lumi_cumulative_pp_2_run2and3.pdf Graphic file (t
ype pdf)
<use Figures/experiments/int_lumi_cumulative_pp_2_run2and3.pdf>
Package pdftex.def Info: Figures/experiments/int_lumi_cumulative_pp_2_run2and3.
pdf  used on input line 54.
(pdftex.def)             Requested size: 180.27504pt x 135.20155pt.
[39]
<Figures/experiments/peak_lumi_pp_run2and3.pdf, id=1398, 1084.05pt x 433.62pt>
File: Figures/experiments/peak_lumi_pp_run2and3.pdf Graphic file (type pdf)
<use Figures/experiments/peak_lumi_pp_run2and3.pdf>
Package pdftex.def Info: Figures/experiments/peak_lumi_pp_run2and3.pdf  used on
 input line 61.
(pdftex.def)             Requested size: 375.57637pt x 150.22763pt.
<Figures/experiments/pileup_allYears_run2and3.pdf, id=1403, 578.16pt x 433.62pt
>
File: Figures/experiments/pileup_allYears_run2and3.pdf Graphic file (type pdf)
<use Figures/experiments/pileup_allYears_run2and3.pdf>
Package pdftex.def Info: Figures/experiments/pileup_allYears_run2and3.pdf  used
 on input line 68.
(pdftex.def)             Requested size: 281.68227pt x 211.25822pt.
 [40 <./Figures/experiments/int_lumi_allcumulative_pp_run2and3.pdf> <./Figures/
experiments/int_lumi_cumulative_pp_2_run2and3.pdf

pdfTeX warning: pdflatex (file ./Figures/experiments/int_lumi_cumulative_pp_2_r
un2and3.pdf): PDF inclusion: multiple pdfs with page group included in a single
 page
> <./Figures/experiments/peak_lumi_pp_run2and3.pdf

pdfTeX warning: pdflatex (file ./Figures/experiments/peak_lumi_pp_run2and3.pdf)
: PDF inclusion: multiple pdfs with page group included in a single page
>] [41 <./Figures/experiments/pileup_allYears_run2and3.pdf>]
<Figures/experiments/CMS_detector_slice.png, id=1502, 995.72pt x 511.9125pt>
File: Figures/experiments/CMS_detector_slice.png Graphic file (type png)
<use Figures/experiments/CMS_detector_slice.png>
Package pdftex.def Info: Figures/experiments/CMS_detector_slice.png  used on in
put line 90.
(pdftex.def)             Requested size: 319.2422pt x 164.12779pt.
 [42 <./Figures/experiments/CMS_detector_slice.png>]
<Figures/experiments/figs_2011_cmsTracker_TrackerLayout.png, id=1516, 482.80376
pt x 241.90375pt>
File: Figures/experiments/figs_2011_cmsTracker_TrackerLayout.png Graphic file (
type png)
<use Figures/experiments/figs_2011_cmsTracker_TrackerLayout.png>
Package pdftex.def Info: Figures/experiments/figs_2011_cmsTracker_TrackerLayout
.png  used on input line 105.
(pdftex.def)             Requested size: 319.2422pt x 159.95964pt.
 [43] [44 <./Figures/experiments/figs_2011_cmsTracker_TrackerLayout.png (PNG co
py)>] [45] [46]
<Figures/experiments/CMSMuonSystem.png, id=1551, 555.0336pt x 365.6862pt>
File: Figures/experiments/CMSMuonSystem.png Graphic file (type png)
<use Figures/experiments/CMSMuonSystem.png>
Package pdftex.def Info: Figures/experiments/CMSMuonSystem.png  used on input l
ine 140.
(pdftex.def)             Requested size: 319.2422pt x 210.3293pt.
 [47 <./Figures/experiments/CMSMuonSystem.png>]
<Figures/experiments/Architecture-and-data-flow-in-the-synchronous-pipelined-Le
vel-1-Trigger-system.png, id=1565, 264.32083pt x 200.08083pt>
File: Figures/experiments/Architecture-and-data-flow-in-the-synchronous-pipelin
ed-Level-1-Trigger-system.png Graphic file (type png)
<use Figures/experiments/Architecture-and-data-flow-in-the-synchronous-pipeline
d-Level-1-Trigger-system.png>
Package pdftex.def Info: Figures/experiments/Architecture-and-data-flow-in-the-
synchronous-pipelined-Level-1-Trigger-system.png  used on input line 156.
(pdftex.def)             Requested size: 281.68227pt x 213.22647pt.
<Figures/experiments/HLT_rate_2018.png, id=1569, 604.8999pt x 522.0303pt>
File: Figures/experiments/HLT_rate_2018.png Graphic file (type png)
<use Figures/experiments/HLT_rate_2018.png>
Package pdftex.def Info: Figures/experiments/HLT_rate_2018.png  used on input l
ine 165.
(pdftex.def)             Requested size: 157.74138pt x 136.1309pt.
<Figures/experiments/fill25_rates.pdf, id=1570, 1156.32pt x 722.7pt>
File: Figures/experiments/fill25_rates.pdf Graphic file (type pdf)
<use Figures/experiments/fill25_rates.pdf>
Package pdftex.def Info: Figures/experiments/fill25_rates.pdf  used on input li
ne 167.
(pdftex.def)             Requested size: 206.56815pt x 129.09894pt.
 [48] [49 <./Figures/experiments/Architecture-and-data-flow-in-the-synchronous-
pipelined-Level-1-Trigger-system.png>] [50 <./Figures/experiments/HLT_rate_2018
.png> <./Figures/experiments/fill25_rates.pdf>] [51] [52]
Overfull \hbox (3.29117pt too wide) in paragraph at lines 195--196
[]\OT1/cmr/m/n/10.95 The re-main-ing calorime-ter en-ergy is in-ter-preted as h
adrons. Charged hadrons
 []

[53] [54] [55] [56] [57]
<Figures/experiments/plots_kin31.png, id=1742, 448.67625pt x 689.57625pt>
File: Figures/experiments/plots_kin31.png Graphic file (type png)
<use Figures/experiments/plots_kin31.png>
Package pdftex.def Info: Figures/experiments/plots_kin31.png  used on input lin
e 245.
(pdftex.def)             Requested size: 319.2422pt x 490.66528pt.
 [58] [59 <./Figures/experiments/plots_kin31.png>]
Overfull \hbox (25.46336pt too wide) in paragraph at lines 258--259
[]\OT1/cmr/m/n/10.95 The two general-purpose par-ton shower pro-grams used in C
MS are \OT1/cmr/m/sc/10.95 Pythia \OT1/cmr/m/n/10.95 8 [[]111[]]
 []

[60] [61] [62]
Overfull \hbox (16.59209pt too wide) in paragraph at lines 290--291
\OT1/cmr/m/n/10.95 of-fline analysis---is per-formed within the CMS Soft-ware f
rame-work (\OT1/cmr/m/sc/10.95 CMSSW\OT1/cmr/m/n/10.95 ) [[]125[],
 []

[63] [64]) (./Sections/dataset.tex [65]
Chapter 4.
[66

] [67] [68] [69] [70] [71] [72] [73]
Overfull \hbox (15.12617pt too wide) in paragraph at lines 189--190
\OT1/cmr/m/n/10.95 Electron iden-ti-fi-ca-tion ef-fi-cien-cies are mea-sured us
-ing a tag-and-probe method [[]155[]]
 []

[74]
<Figures/analysis/EleID_eff_2016preVFP.png, id=1962, 698.61pt x 752.8125pt>
File: Figures/analysis/EleID_eff_2016preVFP.png Graphic file (type png)
<use Figures/analysis/EleID_eff_2016preVFP.png>
Package pdftex.def Info: Figures/analysis/EleID_eff_2016preVFP.png  used on inp
ut line 197.
(pdftex.def)             Requested size: 169.00821pt x 182.11456pt.
<Figures/analysis/EleID_eff_2016postVFP.png, id=1963, 698.61pt x 752.8125pt>
File: Figures/analysis/EleID_eff_2016postVFP.png Graphic file (type png)
<use Figures/analysis/EleID_eff_2016postVFP.png>
Package pdftex.def Info: Figures/analysis/EleID_eff_2016postVFP.png  used on in
put line 199.
(pdftex.def)             Requested size: 169.00821pt x 182.11456pt.
<Figures/analysis/EleID_eff_2017.png, id=1964, 698.61pt x 752.8125pt>
File: Figures/analysis/EleID_eff_2017.png Graphic file (type png)
<use Figures/analysis/EleID_eff_2017.png>
Package pdftex.def Info: Figures/analysis/EleID_eff_2017.png  used on input lin
e 200.
(pdftex.def)             Requested size: 169.00821pt x 182.11456pt.
<Figures/analysis/EleID_eff_2018.png, id=1965, 698.61pt x 752.8125pt>
File: Figures/analysis/EleID_eff_2018.png Graphic file (type png)
<use Figures/analysis/EleID_eff_2018.png>
Package pdftex.def Info: Figures/analysis/EleID_eff_2018.png  used on input lin
e 202.
(pdftex.def)             Requested size: 169.00821pt x 182.11456pt.
<Figures/analysis/EleID_eff_2022.png, id=1966, 698.61pt x 752.8125pt>
File: Figures/analysis/EleID_eff_2022.png Graphic file (type png)
<use Figures/analysis/EleID_eff_2022.png>
Package pdftex.def Info: Figures/analysis/EleID_eff_2022.png  used on input lin
e 209.
(pdftex.def)             Requested size: 169.00821pt x 182.11456pt.
<Figures/analysis/EleID_eff_2022EE.png, id=1967, 698.61pt x 752.8125pt>
File: Figures/analysis/EleID_eff_2022EE.png Graphic file (type png)
<use Figures/analysis/EleID_eff_2022EE.png>
Package pdftex.def Info: Figures/analysis/EleID_eff_2022EE.png  used on input l
ine 211.
(pdftex.def)             Requested size: 169.00821pt x 182.11456pt.
<Figures/analysis/EleID_eff_2023.png, id=1968, 698.61pt x 752.8125pt>
File: Figures/analysis/EleID_eff_2023.png Graphic file (type png)
<use Figures/analysis/EleID_eff_2023.png>
Package pdftex.def Info: Figures/analysis/EleID_eff_2023.png  used on input lin
e 212.
(pdftex.def)             Requested size: 169.00821pt x 182.11456pt.
<Figures/analysis/EleID_eff_2023BPix.png, id=1969, 698.61pt x 752.8125pt>
File: Figures/analysis/EleID_eff_2023BPix.png Graphic file (type png)
<use Figures/analysis/EleID_eff_2023BPix.png>
Package pdftex.def Info: Figures/analysis/EleID_eff_2023BPix.png  used on input
 line 214.
(pdftex.def)             Requested size: 169.00821pt x 182.11456pt.
<Figures/analysis/MuID_eff_2016preVFP.png, id=1970, 698.61pt x 752.8125pt>
File: Figures/analysis/MuID_eff_2016preVFP.png Graphic file (type png)
<use Figures/analysis/MuID_eff_2016preVFP.png>
Package pdftex.def Info: Figures/analysis/MuID_eff_2016preVFP.png  used on inpu
t line 221.
(pdftex.def)             Requested size: 169.00821pt x 182.11456pt.
<Figures/analysis/MuID_eff_2016postVFP.png, id=1971, 698.61pt x 752.8125pt>
File: Figures/analysis/MuID_eff_2016postVFP.png Graphic file (type png)
<use Figures/analysis/MuID_eff_2016postVFP.png>
Package pdftex.def Info: Figures/analysis/MuID_eff_2016postVFP.png  used on inp
ut line 223.
(pdftex.def)             Requested size: 169.00821pt x 182.11456pt.
<Figures/analysis/MuID_eff_2017.png, id=1972, 698.61pt x 752.8125pt>
File: Figures/analysis/MuID_eff_2017.png Graphic file (type png)
<use Figures/analysis/MuID_eff_2017.png>
Package pdftex.def Info: Figures/analysis/MuID_eff_2017.png  used on input line
 224.
(pdftex.def)             Requested size: 169.00821pt x 182.11456pt.
<Figures/analysis/MuID_eff_2018.png, id=1973, 698.61pt x 752.8125pt>
File: Figures/analysis/MuID_eff_2018.png Graphic file (type png)
<use Figures/analysis/MuID_eff_2018.png>
Package pdftex.def Info: Figures/analysis/MuID_eff_2018.png  used on input line
 226.
(pdftex.def)             Requested size: 169.00821pt x 182.11456pt.
<Figures/analysis/MuID_eff_2022.png, id=1974, 698.61pt x 752.8125pt>
File: Figures/analysis/MuID_eff_2022.png Graphic file (type png)
<use Figures/analysis/MuID_eff_2022.png>
Package pdftex.def Info: Figures/analysis/MuID_eff_2022.png  used on input line
 233.
(pdftex.def)             Requested size: 169.00821pt x 182.11456pt.
<Figures/analysis/MuID_eff_2022EE.png, id=1975, 698.61pt x 752.8125pt>
File: Figures/analysis/MuID_eff_2022EE.png Graphic file (type png)
<use Figures/analysis/MuID_eff_2022EE.png>
Package pdftex.def Info: Figures/analysis/MuID_eff_2022EE.png  used on input li
ne 235.
(pdftex.def)             Requested size: 169.00821pt x 182.11456pt.
<Figures/analysis/MuID_eff_2023.png, id=1976, 698.61pt x 752.8125pt>
File: Figures/analysis/MuID_eff_2023.png Graphic file (type png)
<use Figures/analysis/MuID_eff_2023.png>
Package pdftex.def Info: Figures/analysis/MuID_eff_2023.png  used on input line
 236.
(pdftex.def)             Requested size: 169.00821pt x 182.11456pt.
<Figures/analysis/MuID_eff_2023BPix.png, id=1977, 698.61pt x 752.8125pt>
File: Figures/analysis/MuID_eff_2023BPix.png Graphic file (type png)
<use Figures/analysis/MuID_eff_2023BPix.png>
Package pdftex.def Info: Figures/analysis/MuID_eff_2023BPix.png  used on input 
line 238.
(pdftex.def)             Requested size: 169.00821pt x 182.11456pt.
 [75] [76 <./Figures/analysis/EleID_eff_2016preVFP.png> <./Figures/analysis/Ele
ID_eff_2016postVFP.png> <./Figures/analysis/EleID_eff_2017.png> <./Figures/anal
ysis/EleID_eff_2018.png>] [77 <./Figures/analysis/EleID_eff_2022.png> <./Figure
s/analysis/EleID_eff_2022EE.png> <./Figures/analysis/EleID_eff_2023.png> <./Fig
ures/analysis/EleID_eff_2023BPix.png>] [78 <./Figures/analysis/MuID_eff_2016pre
VFP.png> <./Figures/analysis/MuID_eff_2016postVFP.png> <./Figures/analysis/MuID
_eff_2017.png> <./Figures/analysis/MuID_eff_2018.png>] [79 <./Figures/analysis/
MuID_eff_2022.png> <./Figures/analysis/MuID_eff_2022EE.png> <./Figures/analysis
/MuID_eff_2023.png> <./Figures/analysis/MuID_eff_2023BPix.png>] [80]
<Figures/analysis/DblMu_MU17Leg_eff_2016preVFP.png, id=2028, 698.61pt x 752.812
5pt>
File: Figures/analysis/DblMu_MU17Leg_eff_2016preVFP.png Graphic file (type png)

<use Figures/analysis/DblMu_MU17Leg_eff_2016preVFP.png>
Package pdftex.def Info: Figures/analysis/DblMu_MU17Leg_eff_2016preVFP.png  use
d on input line 272.
(pdftex.def)             Requested size: 125.64502pt x 135.38553pt.
<Figures/analysis/DblMu_MU17Leg_eff_2016postVFP.png, id=2029, 698.61pt x 752.81
25pt>
File: Figures/analysis/DblMu_MU17Leg_eff_2016postVFP.png Graphic file (type png
)
<use Figures/analysis/DblMu_MU17Leg_eff_2016postVFP.png>
Package pdftex.def Info: Figures/analysis/DblMu_MU17Leg_eff_2016postVFP.png  us
ed on input line 274.
(pdftex.def)             Requested size: 125.64502pt x 135.38553pt.
<Figures/analysis/DblMu_MU17Leg_eff_2017.png, id=2030, 698.61pt x 752.8125pt>
File: Figures/analysis/DblMu_MU17Leg_eff_2017.png Graphic file (type png)
<use Figures/analysis/DblMu_MU17Leg_eff_2017.png>
Package pdftex.def Info: Figures/analysis/DblMu_MU17Leg_eff_2017.png  used on i
nput line 276.
(pdftex.def)             Requested size: 125.64502pt x 135.38553pt.
<Figures/analysis/DblMu_MU17Leg_eff_2018.png, id=2031, 698.61pt x 752.8125pt>
File: Figures/analysis/DblMu_MU17Leg_eff_2018.png Graphic file (type png)
<use Figures/analysis/DblMu_MU17Leg_eff_2018.png>
Package pdftex.def Info: Figures/analysis/DblMu_MU17Leg_eff_2018.png  used on i
nput line 278.
(pdftex.def)             Requested size: 125.64502pt x 135.38553pt.
<Figures/analysis/DblMu_MU8Leg_eff_2016preVFP.png, id=2032, 698.61pt x 752.8125
pt>
File: Figures/analysis/DblMu_MU8Leg_eff_2016preVFP.png Graphic file (type png)
<use Figures/analysis/DblMu_MU8Leg_eff_2016preVFP.png>
Package pdftex.def Info: Figures/analysis/DblMu_MU8Leg_eff_2016preVFP.png  used
 on input line 280.
(pdftex.def)             Requested size: 125.64502pt x 135.38553pt.
<Figures/analysis/DblMu_MU8Leg_eff_2016postVFP.png, id=2033, 698.61pt x 752.812
5pt>
File: Figures/analysis/DblMu_MU8Leg_eff_2016postVFP.png Graphic file (type png)

<use Figures/analysis/DblMu_MU8Leg_eff_2016postVFP.png>
Package pdftex.def Info: Figures/analysis/DblMu_MU8Leg_eff_2016postVFP.png  use
d on input line 282.
(pdftex.def)             Requested size: 125.64502pt x 135.38553pt.
<Figures/analysis/DblMu_MU8Leg_eff_2017.png, id=2034, 698.61pt x 752.8125pt>
File: Figures/analysis/DblMu_MU8Leg_eff_2017.png Graphic file (type png)
<use Figures/analysis/DblMu_MU8Leg_eff_2017.png>
Package pdftex.def Info: Figures/analysis/DblMu_MU8Leg_eff_2017.png  used on in
put line 284.
(pdftex.def)             Requested size: 125.64502pt x 135.38553pt.
<Figures/analysis/DblMu_MU8Leg_eff_2018.png, id=2035, 698.61pt x 752.8125pt>
File: Figures/analysis/DblMu_MU8Leg_eff_2018.png Graphic file (type png)
<use Figures/analysis/DblMu_MU8Leg_eff_2018.png>
Package pdftex.def Info: Figures/analysis/DblMu_MU8Leg_eff_2018.png  used on in
put line 286.
(pdftex.def)             Requested size: 125.64502pt x 135.38553pt.
<Figures/analysis/DblMu_MU17Leg_eff_2022.png, id=2036, 698.61pt x 752.8125pt>
File: Figures/analysis/DblMu_MU17Leg_eff_2022.png Graphic file (type png)
<use Figures/analysis/DblMu_MU17Leg_eff_2022.png>
Package pdftex.def Info: Figures/analysis/DblMu_MU17Leg_eff_2022.png  used on i
nput line 293.
(pdftex.def)             Requested size: 125.64502pt x 135.38553pt.
<Figures/analysis/DblMu_MU17Leg_eff_2022EE.png, id=2037, 698.61pt x 752.8125pt>

File: Figures/analysis/DblMu_MU17Leg_eff_2022EE.png Graphic file (type png)
<use Figures/analysis/DblMu_MU17Leg_eff_2022EE.png>
Package pdftex.def Info: Figures/analysis/DblMu_MU17Leg_eff_2022EE.png  used on
 input line 295.
(pdftex.def)             Requested size: 125.64502pt x 135.38553pt.
<Figures/analysis/DblMu_MU17Leg_eff_2023.png, id=2038, 698.61pt x 752.8125pt>
File: Figures/analysis/DblMu_MU17Leg_eff_2023.png Graphic file (type png)
<use Figures/analysis/DblMu_MU17Leg_eff_2023.png>
Package pdftex.def Info: Figures/analysis/DblMu_MU17Leg_eff_2023.png  used on i
nput line 297.
(pdftex.def)             Requested size: 125.64502pt x 135.38553pt.
<Figures/analysis/DblMu_MU17Leg_eff_2023BPix.png, id=2039, 698.61pt x 752.8125p
t>
File: Figures/analysis/DblMu_MU17Leg_eff_2023BPix.png Graphic file (type png)
<use Figures/analysis/DblMu_MU17Leg_eff_2023BPix.png>
Package pdftex.def Info: Figures/analysis/DblMu_MU17Leg_eff_2023BPix.png  used 
on input line 299.
(pdftex.def)             Requested size: 125.64502pt x 135.38553pt.
<Figures/analysis/DblMu_MU8Leg_eff_2022.png, id=2040, 698.61pt x 752.8125pt>
File: Figures/analysis/DblMu_MU8Leg_eff_2022.png Graphic file (type png)
<use Figures/analysis/DblMu_MU8Leg_eff_2022.png>
Package pdftex.def Info: Figures/analysis/DblMu_MU8Leg_eff_2022.png  used on in
put line 301.
(pdftex.def)             Requested size: 125.64502pt x 135.38553pt.
<Figures/analysis/DblMu_MU8Leg_eff_2022EE.png, id=2041, 698.61pt x 752.8125pt>
File: Figures/analysis/DblMu_MU8Leg_eff_2022EE.png Graphic file (type png)
<use Figures/analysis/DblMu_MU8Leg_eff_2022EE.png>
Package pdftex.def Info: Figures/analysis/DblMu_MU8Leg_eff_2022EE.png  used on 
input line 303.
(pdftex.def)             Requested size: 125.64502pt x 135.38553pt.
<Figures/analysis/DblMu_MU8Leg_eff_2023.png, id=2042, 698.61pt x 752.8125pt>
File: Figures/analysis/DblMu_MU8Leg_eff_2023.png Graphic file (type png)
<use Figures/analysis/DblMu_MU8Leg_eff_2023.png>
Package pdftex.def Info: Figures/analysis/DblMu_MU8Leg_eff_2023.png  used on in
put line 305.
(pdftex.def)             Requested size: 125.64502pt x 135.38553pt.
<Figures/analysis/DblMu_MU8Leg_eff_2023BPix.png, id=2043, 698.61pt x 752.8125pt
>
File: Figures/analysis/DblMu_MU8Leg_eff_2023BPix.png Graphic file (type png)
<use Figures/analysis/DblMu_MU8Leg_eff_2023BPix.png>
Package pdftex.def Info: Figures/analysis/DblMu_MU8Leg_eff_2023BPix.png  used o
n input line 307.
(pdftex.def)             Requested size: 125.64502pt x 135.38553pt.
<Figures/analysis/Mu23El12_muon_eff_2016preVFP.png, id=2044, 698.61pt x 752.812
5pt>
File: Figures/analysis/Mu23El12_muon_eff_2016preVFP.png Graphic file (type png)

<use Figures/analysis/Mu23El12_muon_eff_2016preVFP.png>
Package pdftex.def Info: Figures/analysis/Mu23El12_muon_eff_2016preVFP.png  use
d on input line 314.
(pdftex.def)             Requested size: 125.64502pt x 135.38553pt.
<Figures/analysis/Mu23El12_muon_eff_2016postVFP.png, id=2045, 698.61pt x 752.81
25pt>
File: Figures/analysis/Mu23El12_muon_eff_2016postVFP.png Graphic file (type png
)
<use Figures/analysis/Mu23El12_muon_eff_2016postVFP.png>
Package pdftex.def Info: Figures/analysis/Mu23El12_muon_eff_2016postVFP.png  us
ed on input line 316.
(pdftex.def)             Requested size: 125.64502pt x 135.38553pt.
<Figures/analysis/Mu23El12_muon_eff_2017.png, id=2046, 698.61pt x 752.8125pt>
File: Figures/analysis/Mu23El12_muon_eff_2017.png Graphic file (type png)
<use Figures/analysis/Mu23El12_muon_eff_2017.png>
Package pdftex.def Info: Figures/analysis/Mu23El12_muon_eff_2017.png  used on i
nput line 318.
(pdftex.def)             Requested size: 125.64502pt x 135.38553pt.
<Figures/analysis/Mu23El12_muon_eff_2018.png, id=2047, 698.61pt x 752.8125pt>
File: Figures/analysis/Mu23El12_muon_eff_2018.png Graphic file (type png)
<use Figures/analysis/Mu23El12_muon_eff_2018.png>
Package pdftex.def Info: Figures/analysis/Mu23El12_muon_eff_2018.png  used on i
nput line 320.
(pdftex.def)             Requested size: 125.64502pt x 135.38553pt.
<Figures/analysis/Mu23El12_electron_eff_2016preVFP.png, id=2048, 698.61pt x 752
.8125pt>
File: Figures/analysis/Mu23El12_electron_eff_2016preVFP.png Graphic file (type 
png)
<use Figures/analysis/Mu23El12_electron_eff_2016preVFP.png>
Package pdftex.def Info: Figures/analysis/Mu23El12_electron_eff_2016preVFP.png 
 used on input line 322.
(pdftex.def)             Requested size: 125.64502pt x 135.38553pt.
<Figures/analysis/Mu23El12_electron_eff_2016postVFP.png, id=2049, 698.61pt x 75
2.8125pt>
File: Figures/analysis/Mu23El12_electron_eff_2016postVFP.png Graphic file (type
 png)
<use Figures/analysis/Mu23El12_electron_eff_2016postVFP.png>
Package pdftex.def Info: Figures/analysis/Mu23El12_electron_eff_2016postVFP.png
  used on input line 324.
(pdftex.def)             Requested size: 125.64502pt x 135.38553pt.
<Figures/analysis/Mu23El12_electron_eff_2017.png, id=2050, 698.61pt x 752.8125p
t>
File: Figures/analysis/Mu23El12_electron_eff_2017.png Graphic file (type png)
<use Figures/analysis/Mu23El12_electron_eff_2017.png>
Package pdftex.def Info: Figures/analysis/Mu23El12_electron_eff_2017.png  used 
on input line 326.
(pdftex.def)             Requested size: 125.64502pt x 135.38553pt.
<Figures/analysis/Mu23El12_electron_eff_2018.png, id=2051, 698.61pt x 752.8125p
t>
File: Figures/analysis/Mu23El12_electron_eff_2018.png Graphic file (type png)
<use Figures/analysis/Mu23El12_electron_eff_2018.png>
Package pdftex.def Info: Figures/analysis/Mu23El12_electron_eff_2018.png  used 
on input line 328.
(pdftex.def)             Requested size: 125.64502pt x 135.38553pt.
<Figures/analysis/Mu23El12_muon_eff_2022.png, id=2052, 698.61pt x 752.8125pt>
File: Figures/analysis/Mu23El12_muon_eff_2022.png Graphic file (type png)
<use Figures/analysis/Mu23El12_muon_eff_2022.png>
Package pdftex.def Info: Figures/analysis/Mu23El12_muon_eff_2022.png  used on i
nput line 335.
(pdftex.def)             Requested size: 114.72517pt x 123.62286pt.
<Figures/analysis/Mu23El12_muon_eff_2022EE.png, id=2053, 698.61pt x 752.8125pt>

File: Figures/analysis/Mu23El12_muon_eff_2022EE.png Graphic file (type png)
<use Figures/analysis/Mu23El12_muon_eff_2022EE.png>
Package pdftex.def Info: Figures/analysis/Mu23El12_muon_eff_2022EE.png  used on
 input line 337.
(pdftex.def)             Requested size: 114.72517pt x 123.62286pt.
<Figures/analysis/Mu23El12_muon_eff_2023.png, id=2054, 698.61pt x 752.8125pt>
File: Figures/analysis/Mu23El12_muon_eff_2023.png Graphic file (type png)
<use Figures/analysis/Mu23El12_muon_eff_2023.png>
Package pdftex.def Info: Figures/analysis/Mu23El12_muon_eff_2023.png  used on i
nput line 339.
(pdftex.def)             Requested size: 114.72517pt x 123.62286pt.
<Figures/analysis/Mu23El12_muon_eff_2023BPix.png, id=2055, 698.61pt x 752.8125p
t>
File: Figures/analysis/Mu23El12_muon_eff_2023BPix.png Graphic file (type png)
<use Figures/analysis/Mu23El12_muon_eff_2023BPix.png>
Package pdftex.def Info: Figures/analysis/Mu23El12_muon_eff_2023BPix.png  used 
on input line 341.
(pdftex.def)             Requested size: 114.72517pt x 123.62286pt.
<Figures/analysis/Mu23El12_electron_eff_2022.png, id=2056, 698.61pt x 752.8125p
t>
File: Figures/analysis/Mu23El12_electron_eff_2022.png Graphic file (type png)
<use Figures/analysis/Mu23El12_electron_eff_2022.png>
Package pdftex.def Info: Figures/analysis/Mu23El12_electron_eff_2022.png  used 
on input line 343.
(pdftex.def)             Requested size: 114.72517pt x 123.62286pt.
<Figures/analysis/Mu23El12_electron_eff_2022EE.png, id=2057, 698.61pt x 752.812
5pt>
File: Figures/analysis/Mu23El12_electron_eff_2022EE.png Graphic file (type png)

<use Figures/analysis/Mu23El12_electron_eff_2022EE.png>
Package pdftex.def Info: Figures/analysis/Mu23El12_electron_eff_2022EE.png  use
d on input line 345.
(pdftex.def)             Requested size: 114.72517pt x 123.62286pt.
<Figures/analysis/Mu23El12_electron_eff_2023.png, id=2058, 698.61pt x 752.8125p
t>
File: Figures/analysis/Mu23El12_electron_eff_2023.png Graphic file (type png)
<use Figures/analysis/Mu23El12_electron_eff_2023.png>
Package pdftex.def Info: Figures/analysis/Mu23El12_electron_eff_2023.png  used 
on input line 347.
(pdftex.def)             Requested size: 114.72517pt x 123.62286pt.
<Figures/analysis/Mu23El12_electron_eff_2023BPix.png, id=2059, 698.61pt x 752.8
125pt>
File: Figures/analysis/Mu23El12_electron_eff_2023BPix.png Graphic file (type pn
g)
<use Figures/analysis/Mu23El12_electron_eff_2023BPix.png>
Package pdftex.def Info: Figures/analysis/Mu23El12_electron_eff_2023BPix.png  u
sed on input line 349.
(pdftex.def)             Requested size: 114.72517pt x 123.62286pt.
<Figures/analysis/Mu8El23_muon_eff_2016preVFP.png, id=2060, 698.61pt x 752.8125
pt>
File: Figures/analysis/Mu8El23_muon_eff_2016preVFP.png Graphic file (type png)
<use Figures/analysis/Mu8El23_muon_eff_2016preVFP.png>
Package pdftex.def Info: Figures/analysis/Mu8El23_muon_eff_2016preVFP.png  used
 on input line 356.
(pdftex.def)             Requested size: 125.64502pt x 135.38553pt.
<Figures/analysis/Mu8El23_muon_eff_2016postVFP.png, id=2061, 698.61pt x 752.812
5pt>
File: Figures/analysis/Mu8El23_muon_eff_2016postVFP.png Graphic file (type png)

<use Figures/analysis/Mu8El23_muon_eff_2016postVFP.png>
Package pdftex.def Info: Figures/analysis/Mu8El23_muon_eff_2016postVFP.png  use
d on input line 358.
(pdftex.def)             Requested size: 125.64502pt x 135.38553pt.
<Figures/analysis/Mu8El23_muon_eff_2017.png, id=2062, 698.61pt x 752.8125pt>
File: Figures/analysis/Mu8El23_muon_eff_2017.png Graphic file (type png)
<use Figures/analysis/Mu8El23_muon_eff_2017.png>
Package pdftex.def Info: Figures/analysis/Mu8El23_muon_eff_2017.png  used on in
put line 360.
(pdftex.def)             Requested size: 125.64502pt x 135.38553pt.
<Figures/analysis/Mu8El23_muon_eff_2018.png, id=2063, 698.61pt x 752.8125pt>
File: Figures/analysis/Mu8El23_muon_eff_2018.png Graphic file (type png)
<use Figures/analysis/Mu8El23_muon_eff_2018.png>
Package pdftex.def Info: Figures/analysis/Mu8El23_muon_eff_2018.png  used on in
put line 362.
(pdftex.def)             Requested size: 125.64502pt x 135.38553pt.
<Figures/analysis/Mu8El23_electron_eff_2016preVFP.png, id=2064, 698.61pt x 752.
8125pt>
File: Figures/analysis/Mu8El23_electron_eff_2016preVFP.png Graphic file (type p
ng)
<use Figures/analysis/Mu8El23_electron_eff_2016preVFP.png>
Package pdftex.def Info: Figures/analysis/Mu8El23_electron_eff_2016preVFP.png  
used on input line 364.
(pdftex.def)             Requested size: 125.64502pt x 135.38553pt.
<Figures/analysis/Mu8El23_electron_eff_2016postVFP.png, id=2065, 698.61pt x 752
.8125pt>
File: Figures/analysis/Mu8El23_electron_eff_2016postVFP.png Graphic file (type 
png)
<use Figures/analysis/Mu8El23_electron_eff_2016postVFP.png>
Package pdftex.def Info: Figures/analysis/Mu8El23_electron_eff_2016postVFP.png 
 used on input line 366.
(pdftex.def)             Requested size: 125.64502pt x 135.38553pt.
<Figures/analysis/Mu8El23_electron_eff_2017.png, id=2066, 698.61pt x 752.8125pt
>
File: Figures/analysis/Mu8El23_electron_eff_2017.png Graphic file (type png)
<use Figures/analysis/Mu8El23_electron_eff_2017.png>
Package pdftex.def Info: Figures/analysis/Mu8El23_electron_eff_2017.png  used o
n input line 368.
(pdftex.def)             Requested size: 125.64502pt x 135.38553pt.
<Figures/analysis/Mu8El23_electron_eff_2018.png, id=2067, 698.61pt x 752.8125pt
>
File: Figures/analysis/Mu8El23_electron_eff_2018.png Graphic file (type png)
<use Figures/analysis/Mu8El23_electron_eff_2018.png>
Package pdftex.def Info: Figures/analysis/Mu8El23_electron_eff_2018.png  used o
n input line 370.
(pdftex.def)             Requested size: 125.64502pt x 135.38553pt.
<Figures/analysis/Mu8El23_muon_eff_2022.png, id=2068, 698.61pt x 752.8125pt>
File: Figures/analysis/Mu8El23_muon_eff_2022.png Graphic file (type png)
<use Figures/analysis/Mu8El23_muon_eff_2022.png>
Package pdftex.def Info: Figures/analysis/Mu8El23_muon_eff_2022.png  used on in
put line 377.
(pdftex.def)             Requested size: 125.64502pt x 135.38553pt.
<Figures/analysis/Mu8El23_muon_eff_2022EE.png, id=2069, 698.61pt x 752.8125pt>
File: Figures/analysis/Mu8El23_muon_eff_2022EE.png Graphic file (type png)
<use Figures/analysis/Mu8El23_muon_eff_2022EE.png>
Package pdftex.def Info: Figures/analysis/Mu8El23_muon_eff_2022EE.png  used on 
input line 379.
(pdftex.def)             Requested size: 125.64502pt x 135.38553pt.
<Figures/analysis/Mu8El23_muon_eff_2023.png, id=2070, 698.61pt x 752.8125pt>
File: Figures/analysis/Mu8El23_muon_eff_2023.png Graphic file (type png)
<use Figures/analysis/Mu8El23_muon_eff_2023.png>
Package pdftex.def Info: Figures/analysis/Mu8El23_muon_eff_2023.png  used on in
put line 381.
(pdftex.def)             Requested size: 125.64502pt x 135.38553pt.
<Figures/analysis/Mu8El23_muon_eff_2023BPix.png, id=2071, 698.61pt x 752.8125pt
>
File: Figures/analysis/Mu8El23_muon_eff_2023BPix.png Graphic file (type png)
<use Figures/analysis/Mu8El23_muon_eff_2023BPix.png>
Package pdftex.def Info: Figures/analysis/Mu8El23_muon_eff_2023BPix.png  used o
n input line 383.
(pdftex.def)             Requested size: 125.64502pt x 135.38553pt.
<Figures/analysis/Mu8El23_electron_eff_2022.png, id=2072, 698.61pt x 752.8125pt
>
File: Figures/analysis/Mu8El23_electron_eff_2022.png Graphic file (type png)
<use Figures/analysis/Mu8El23_electron_eff_2022.png>
Package pdftex.def Info: Figures/analysis/Mu8El23_electron_eff_2022.png  used o
n input line 385.
(pdftex.def)             Requested size: 125.64502pt x 135.38553pt.
<Figures/analysis/Mu8El23_electron_eff_2022EE.png, id=2073, 698.61pt x 752.8125
pt>
File: Figures/analysis/Mu8El23_electron_eff_2022EE.png Graphic file (type png)
<use Figures/analysis/Mu8El23_electron_eff_2022EE.png>
Package pdftex.def Info: Figures/analysis/Mu8El23_electron_eff_2022EE.png  used
 on input line 387.
(pdftex.def)             Requested size: 125.64502pt x 135.38553pt.
<Figures/analysis/Mu8El23_electron_eff_2023.png, id=2074, 698.61pt x 752.8125pt
>
File: Figures/analysis/Mu8El23_electron_eff_2023.png Graphic file (type png)
<use Figures/analysis/Mu8El23_electron_eff_2023.png>
Package pdftex.def Info: Figures/analysis/Mu8El23_electron_eff_2023.png  used o
n input line 389.
(pdftex.def)             Requested size: 125.64502pt x 135.38553pt.
<Figures/analysis/Mu8El23_electron_eff_2023BPix.png, id=2075, 698.61pt x 752.81
25pt>
File: Figures/analysis/Mu8El23_electron_eff_2023BPix.png Graphic file (type png
)
<use Figures/analysis/Mu8El23_electron_eff_2023BPix.png>
Package pdftex.def Info: Figures/analysis/Mu8El23_electron_eff_2023BPix.png  us
ed on input line 391.
(pdftex.def)             Requested size: 125.64502pt x 135.38553pt.

Overfull \hbox (2.21867pt too wide) in paragraph at lines 403--417
 [][] 
 []

[81] [82 <./Figures/analysis/DblMu_MU17Leg_eff_2016preVFP.png> <./Figures/analy
sis/DblMu_MU17Leg_eff_2016postVFP.png> <./Figures/analysis/DblMu_MU17Leg_eff_20
17.png> <./Figures/analysis/DblMu_MU17Leg_eff_2018.png> <./Figures/analysis/Dbl
Mu_MU8Leg_eff_2016preVFP.png> <./Figures/analysis/DblMu_MU8Leg_eff_2016postVFP.
png> <./Figures/analysis/DblMu_MU8Leg_eff_2017.png> <./Figures/analysis/DblMu_M
U8Leg_eff_2018.png>] [83 <./Figures/analysis/DblMu_MU17Leg_eff_2022.png> <./Fig
ures/analysis/DblMu_MU17Leg_eff_2022EE.png> <./Figures/analysis/DblMu_MU17Leg_e
ff_2023.png> <./Figures/analysis/DblMu_MU17Leg_eff_2023BPix.png> <./Figures/ana
lysis/DblMu_MU8Leg_eff_2022.png> <./Figures/analysis/DblMu_MU8Leg_eff_2022EE.pn
g> <./Figures/analysis/DblMu_MU8Leg_eff_2023.png> <./Figures/analysis/DblMu_MU8
Leg_eff_2023BPix.png>] [84 <./Figures/analysis/Mu23El12_muon_eff_2016preVFP.png
> <./Figures/analysis/Mu23El12_muon_eff_2016postVFP.png> <./Figures/analysis/Mu
23El12_muon_eff_2017.png> <./Figures/analysis/Mu23El12_muon_eff_2018.png> <./Fi
gures/analysis/Mu23El12_electron_eff_2016preVFP.png> <./Figures/analysis/Mu23El
12_electron_eff_2016postVFP.png> <./Figures/analysis/Mu23El12_electron_eff_2017
.png> <./Figures/analysis/Mu23El12_electron_eff_2018.png>] [85 <./Figures/analy
sis/Mu23El12_muon_eff_2022.png> <./Figures/analysis/Mu23El12_muon_eff_2022EE.pn
g> <./Figures/analysis/Mu23El12_muon_eff_2023.png> <./Figures/analysis/Mu23El12
_muon_eff_2023BPix.png> <./Figures/analysis/Mu23El12_electron_eff_2022.png> <./
Figures/analysis/Mu23El12_electron_eff_2022EE.png> <./Figures/analysis/Mu23El12
_electron_eff_2023.png> <./Figures/analysis/Mu23El12_electron_eff_2023BPix.png>
] [86 <./Figures/analysis/Mu8El23_muon_eff_2016preVFP.png> <./Figures/analysis/
Mu8El23_muon_eff_2016postVFP.png> <./Figures/analysis/Mu8El23_muon_eff_2017.png
> <./Figures/analysis/Mu8El23_muon_eff_2018.png> <./Figures/analysis/Mu8El23_el
ectron_eff_2016preVFP.png> <./Figures/analysis/Mu8El23_electron_eff_2016postVFP
.png> <./Figures/analysis/Mu8El23_electron_eff_2017.png> <./Figures/analysis/Mu
8El23_electron_eff_2018.png>] [87 <./Figures/analysis/Mu8El23_muon_eff_2022.png
> <./Figures/analysis/Mu8El23_muon_eff_2022EE.png> <./Figures/analysis/Mu8El23_
muon_eff_2023.png> <./Figures/analysis/Mu8El23_muon_eff_2023BPix.png> <./Figure
s/analysis/Mu8El23_electron_eff_2022.png> <./Figures/analysis/Mu8El23_electron_
eff_2022EE.png> <./Figures/analysis/Mu8El23_electron_eff_2023.png> <./Figures/a
nalysis/Mu8El23_electron_eff_2023BPix.png>] [88]
<Figures/analysis/DiMu_Run2_muons_1_pt.png, id=2168, 698.61pt x 752.8125pt>
File: Figures/analysis/DiMu_Run2_muons_1_pt.png Graphic file (type png)
<use Figures/analysis/DiMu_Run2_muons_1_pt.png>
Package pdftex.def Info: Figures/analysis/DiMu_Run2_muons_1_pt.png  used on inp
ut line 462.
(pdftex.def)             Requested size: 97.64778pt x 105.22072pt.
<Figures/analysis/DiMu_Run2_muons_2_pt.png, id=2169, 698.61pt x 752.8125pt>
File: Figures/analysis/DiMu_Run2_muons_2_pt.png Graphic file (type png)
<use Figures/analysis/DiMu_Run2_muons_2_pt.png>
Package pdftex.def Info: Figures/analysis/DiMu_Run2_muons_2_pt.png  used on inp
ut line 463.
(pdftex.def)             Requested size: 97.64778pt x 105.22072pt.
<Figures/analysis/DiMu_Run2_pair_mass.png, id=2170, 698.61pt x 752.8125pt>
File: Figures/analysis/DiMu_Run2_pair_mass.png Graphic file (type png)
<use Figures/analysis/DiMu_Run2_pair_mass.png>
Package pdftex.def Info: Figures/analysis/DiMu_Run2_pair_mass.png  used on inpu
t line 464.
(pdftex.def)             Requested size: 97.64778pt x 105.22072pt.
<Figures/analysis/DiMu_Run2_muons_1_eta.png, id=2171, 698.61pt x 752.8125pt>
File: Figures/analysis/DiMu_Run2_muons_1_eta.png Graphic file (type png)
<use Figures/analysis/DiMu_Run2_muons_1_eta.png>
Package pdftex.def Info: Figures/analysis/DiMu_Run2_muons_1_eta.png  used on in
put line 465.
(pdftex.def)             Requested size: 97.64778pt x 105.22072pt.
<Figures/analysis/DiMu_Run2_muons_2_eta.png, id=2172, 698.61pt x 752.8125pt>
File: Figures/analysis/DiMu_Run2_muons_2_eta.png Graphic file (type png)
<use Figures/analysis/DiMu_Run2_muons_2_eta.png>
Package pdftex.def Info: Figures/analysis/DiMu_Run2_muons_2_eta.png  used on in
put line 466.
(pdftex.def)             Requested size: 97.64778pt x 105.22072pt.
<Figures/analysis/DiMu_Run2_nPVsGood.png, id=2173, 698.61pt x 752.8125pt>
File: Figures/analysis/DiMu_Run2_nPVsGood.png Graphic file (type png)
<use Figures/analysis/DiMu_Run2_nPVsGood.png>
Package pdftex.def Info: Figures/analysis/DiMu_Run2_nPVsGood.png  used on input
 line 467.
(pdftex.def)             Requested size: 97.64778pt x 105.22072pt.
<Figures/analysis/DiMu_Run3_muons_1_pt.png, id=2174, 698.61pt x 752.8125pt>
File: Figures/analysis/DiMu_Run3_muons_1_pt.png Graphic file (type png)
<use Figures/analysis/DiMu_Run3_muons_1_pt.png>
Package pdftex.def Info: Figures/analysis/DiMu_Run3_muons_1_pt.png  used on inp
ut line 468.
(pdftex.def)             Requested size: 97.64778pt x 105.22072pt.
<Figures/analysis/DiMu_Run3_muons_2_pt.png, id=2175, 698.61pt x 752.8125pt>
File: Figures/analysis/DiMu_Run3_muons_2_pt.png Graphic file (type png)
<use Figures/analysis/DiMu_Run3_muons_2_pt.png>
Package pdftex.def Info: Figures/analysis/DiMu_Run3_muons_2_pt.png  used on inp
ut line 469.
(pdftex.def)             Requested size: 97.64778pt x 105.22072pt.
<Figures/analysis/DiMu_Run3_pair_mass.png, id=2176, 698.61pt x 752.8125pt>
File: Figures/analysis/DiMu_Run3_pair_mass.png Graphic file (type png)
<use Figures/analysis/DiMu_Run3_pair_mass.png>
Package pdftex.def Info: Figures/analysis/DiMu_Run3_pair_mass.png  used on inpu
t line 470.
(pdftex.def)             Requested size: 97.64778pt x 105.22072pt.
<Figures/analysis/DiMu_Run3_muons_1_eta.png, id=2177, 698.61pt x 752.8125pt>
File: Figures/analysis/DiMu_Run3_muons_1_eta.png Graphic file (type png)
<use Figures/analysis/DiMu_Run3_muons_1_eta.png>
Package pdftex.def Info: Figures/analysis/DiMu_Run3_muons_1_eta.png  used on in
put line 471.
(pdftex.def)             Requested size: 97.64778pt x 105.22072pt.
<Figures/analysis/DiMu_Run3_muons_2_eta.png, id=2178, 698.61pt x 752.8125pt>
File: Figures/analysis/DiMu_Run3_muons_2_eta.png Graphic file (type png)
<use Figures/analysis/DiMu_Run3_muons_2_eta.png>
Package pdftex.def Info: Figures/analysis/DiMu_Run3_muons_2_eta.png  used on in
put line 472.
(pdftex.def)             Requested size: 97.64778pt x 105.22072pt.
<Figures/analysis/DiMu_Run3_nPVsGood.png, id=2179, 698.61pt x 752.8125pt>
File: Figures/analysis/DiMu_Run3_nPVsGood.png Graphic file (type png)
<use Figures/analysis/DiMu_Run3_nPVsGood.png>
Package pdftex.def Info: Figures/analysis/DiMu_Run3_nPVsGood.png  used on input
 line 473.
(pdftex.def)             Requested size: 97.64778pt x 105.22072pt.
<Figures/analysis/EMu_Run2_muons_1_pt.png, id=2182, 698.61pt x 752.8125pt>
File: Figures/analysis/EMu_Run2_muons_1_pt.png Graphic file (type png)
<use Figures/analysis/EMu_Run2_muons_1_pt.png>
Package pdftex.def Info: Figures/analysis/EMu_Run2_muons_1_pt.png  used on inpu
t line 486.
(pdftex.def)             Requested size: 97.64778pt x 105.22072pt.
<Figures/analysis/EMu_Run2_electrons_1_pt.png, id=2183, 698.61pt x 752.8125pt>
File: Figures/analysis/EMu_Run2_electrons_1_pt.png Graphic file (type png)
<use Figures/analysis/EMu_Run2_electrons_1_pt.png>
Package pdftex.def Info: Figures/analysis/EMu_Run2_electrons_1_pt.png  used on 
input line 487.
(pdftex.def)             Requested size: 97.64778pt x 105.22072pt.
<Figures/analysis/EMu_Run2_METv_pt.png, id=2184, 698.61pt x 752.8125pt>
File: Figures/analysis/EMu_Run2_METv_pt.png Graphic file (type png)
<use Figures/analysis/EMu_Run2_METv_pt.png>
Package pdftex.def Info: Figures/analysis/EMu_Run2_METv_pt.png  used on input l
ine 488.
(pdftex.def)             Requested size: 97.64778pt x 105.22072pt.
<Figures/analysis/EMu_Run2_muons_1_eta.png, id=2185, 698.61pt x 752.8125pt>
File: Figures/analysis/EMu_Run2_muons_1_eta.png Graphic file (type png)
<use Figures/analysis/EMu_Run2_muons_1_eta.png>
Package pdftex.def Info: Figures/analysis/EMu_Run2_muons_1_eta.png  used on inp
ut line 489.
(pdftex.def)             Requested size: 97.64778pt x 105.22072pt.
<Figures/analysis/EMu_Run2_electrons_1_eta.png, id=2186, 698.61pt x 752.8125pt>

File: Figures/analysis/EMu_Run2_electrons_1_eta.png Graphic file (type png)
<use Figures/analysis/EMu_Run2_electrons_1_eta.png>
Package pdftex.def Info: Figures/analysis/EMu_Run2_electrons_1_eta.png  used on
 input line 490.
(pdftex.def)             Requested size: 97.64778pt x 105.22072pt.
<Figures/analysis/EMu_Run2_nPVsGood.png, id=2187, 698.61pt x 752.8125pt>
File: Figures/analysis/EMu_Run2_nPVsGood.png Graphic file (type png)
<use Figures/analysis/EMu_Run2_nPVsGood.png>
Package pdftex.def Info: Figures/analysis/EMu_Run2_nPVsGood.png  used on input 
line 491.
(pdftex.def)             Requested size: 97.64778pt x 105.22072pt.
<Figures/analysis/EMu_Run3_muons_1_pt.png, id=2188, 698.61pt x 752.8125pt>
File: Figures/analysis/EMu_Run3_muons_1_pt.png Graphic file (type png)
<use Figures/analysis/EMu_Run3_muons_1_pt.png>
Package pdftex.def Info: Figures/analysis/EMu_Run3_muons_1_pt.png  used on inpu
t line 492.
(pdftex.def)             Requested size: 97.64778pt x 105.22072pt.
<Figures/analysis/EMu_Run3_electrons_1_pt.png, id=2189, 698.61pt x 752.8125pt>
File: Figures/analysis/EMu_Run3_electrons_1_pt.png Graphic file (type png)
<use Figures/analysis/EMu_Run3_electrons_1_pt.png>
Package pdftex.def Info: Figures/analysis/EMu_Run3_electrons_1_pt.png  used on 
input line 493.
(pdftex.def)             Requested size: 97.64778pt x 105.22072pt.
<Figures/analysis/EMu_Run3_METv_pt.png, id=2190, 698.61pt x 752.8125pt>
File: Figures/analysis/EMu_Run3_METv_pt.png Graphic file (type png)
<use Figures/analysis/EMu_Run3_METv_pt.png>
Package pdftex.def Info: Figures/analysis/EMu_Run3_METv_pt.png  used on input l
ine 494.
(pdftex.def)             Requested size: 97.64778pt x 105.22072pt.
<Figures/analysis/EMu_Run3_muons_1_eta.png, id=2191, 698.61pt x 752.8125pt>
File: Figures/analysis/EMu_Run3_muons_1_eta.png Graphic file (type png)
<use Figures/analysis/EMu_Run3_muons_1_eta.png>
Package pdftex.def Info: Figures/analysis/EMu_Run3_muons_1_eta.png  used on inp
ut line 495.
(pdftex.def)             Requested size: 97.64778pt x 105.22072pt.
<Figures/analysis/EMu_Run3_electrons_1_eta.png, id=2192, 698.61pt x 752.8125pt>

File: Figures/analysis/EMu_Run3_electrons_1_eta.png Graphic file (type png)
<use Figures/analysis/EMu_Run3_electrons_1_eta.png>
Package pdftex.def Info: Figures/analysis/EMu_Run3_electrons_1_eta.png  used on
 input line 496.
(pdftex.def)             Requested size: 97.64778pt x 105.22072pt.
<Figures/analysis/EMu_Run3_nPVsGood.png, id=2193, 698.61pt x 752.8125pt>
File: Figures/analysis/EMu_Run3_nPVsGood.png Graphic file (type png)
<use Figures/analysis/EMu_Run3_nPVsGood.png>
Package pdftex.def Info: Figures/analysis/EMu_Run3_nPVsGood.png  used on input 
line 497.
(pdftex.def)             Requested size: 97.64778pt x 105.22072pt.
<Figures/analysis/EMu_Run2_jets_1_pt.png, id=2194, 698.61pt x 752.8125pt>
File: Figures/analysis/EMu_Run2_jets_1_pt.png Graphic file (type png)
<use Figures/analysis/EMu_Run2_jets_1_pt.png>
Package pdftex.def Info: Figures/analysis/EMu_Run2_jets_1_pt.png  used on input
 line 504.
(pdftex.def)             Requested size: 97.64778pt x 105.22072pt.
<Figures/analysis/EMu_Run2_jets_1_eta.png, id=2195, 698.61pt x 752.8125pt>
File: Figures/analysis/EMu_Run2_jets_1_eta.png Graphic file (type png)
<use Figures/analysis/EMu_Run2_jets_1_eta.png>
Package pdftex.def Info: Figures/analysis/EMu_Run2_jets_1_eta.png  used on inpu
t line 505.
(pdftex.def)             Requested size: 97.64778pt x 105.22072pt.
<Figures/analysis/EMu_Run2_jets_size.png, id=2196, 698.61pt x 752.8125pt>
File: Figures/analysis/EMu_Run2_jets_size.png Graphic file (type png)
<use Figures/analysis/EMu_Run2_jets_size.png>
Package pdftex.def Info: Figures/analysis/EMu_Run2_jets_size.png  used on input
 line 506.
(pdftex.def)             Requested size: 97.64778pt x 105.22072pt.
<Figures/analysis/EMu_Run2_bjets_1_pt.png, id=2197, 698.61pt x 752.8125pt>
File: Figures/analysis/EMu_Run2_bjets_1_pt.png Graphic file (type png)
<use Figures/analysis/EMu_Run2_bjets_1_pt.png>
Package pdftex.def Info: Figures/analysis/EMu_Run2_bjets_1_pt.png  used on inpu
t line 507.
(pdftex.def)             Requested size: 97.64778pt x 105.22072pt.
<Figures/analysis/EMu_Run2_bjets_1_eta.png, id=2198, 698.61pt x 752.8125pt>
File: Figures/analysis/EMu_Run2_bjets_1_eta.png Graphic file (type png)
<use Figures/analysis/EMu_Run2_bjets_1_eta.png>
Package pdftex.def Info: Figures/analysis/EMu_Run2_bjets_1_eta.png  used on inp
ut line 508.
(pdftex.def)             Requested size: 97.64778pt x 105.22072pt.
<Figures/analysis/EMu_Run2_bjets_size.png, id=2199, 698.61pt x 752.8125pt>
File: Figures/analysis/EMu_Run2_bjets_size.png Graphic file (type png)
<use Figures/analysis/EMu_Run2_bjets_size.png>
Package pdftex.def Info: Figures/analysis/EMu_Run2_bjets_size.png  used on inpu
t line 509.
(pdftex.def)             Requested size: 97.64778pt x 105.22072pt.
<Figures/analysis/EMu_Run3_jets_1_pt.png, id=2200, 698.61pt x 752.8125pt>
File: Figures/analysis/EMu_Run3_jets_1_pt.png Graphic file (type png)
<use Figures/analysis/EMu_Run3_jets_1_pt.png>
Package pdftex.def Info: Figures/analysis/EMu_Run3_jets_1_pt.png  used on input
 line 510.
(pdftex.def)             Requested size: 97.64778pt x 105.22072pt.
<Figures/analysis/EMu_Run3_jets_1_eta.png, id=2201, 698.61pt x 752.8125pt>
File: Figures/analysis/EMu_Run3_jets_1_eta.png Graphic file (type png)
<use Figures/analysis/EMu_Run3_jets_1_eta.png>
Package pdftex.def Info: Figures/analysis/EMu_Run3_jets_1_eta.png  used on inpu
t line 511.
(pdftex.def)             Requested size: 97.64778pt x 105.22072pt.
<Figures/analysis/EMu_Run3_jets_size.png, id=2202, 698.61pt x 752.8125pt>
File: Figures/analysis/EMu_Run3_jets_size.png Graphic file (type png)
<use Figures/analysis/EMu_Run3_jets_size.png>
Package pdftex.def Info: Figures/analysis/EMu_Run3_jets_size.png  used on input
 line 512.
(pdftex.def)             Requested size: 97.64778pt x 105.22072pt.
<Figures/analysis/EMu_Run3_bjets_1_pt.png, id=2203, 698.61pt x 752.8125pt>
File: Figures/analysis/EMu_Run3_bjets_1_pt.png Graphic file (type png)
<use Figures/analysis/EMu_Run3_bjets_1_pt.png>
Package pdftex.def Info: Figures/analysis/EMu_Run3_bjets_1_pt.png  used on inpu
t line 513.
(pdftex.def)             Requested size: 97.64778pt x 105.22072pt.
<Figures/analysis/EMu_Run3_bjets_1_eta.png, id=2204, 698.61pt x 752.8125pt>
File: Figures/analysis/EMu_Run3_bjets_1_eta.png Graphic file (type png)
<use Figures/analysis/EMu_Run3_bjets_1_eta.png>
Package pdftex.def Info: Figures/analysis/EMu_Run3_bjets_1_eta.png  used on inp
ut line 514.
(pdftex.def)             Requested size: 97.64778pt x 105.22072pt.
<Figures/analysis/EMu_Run3_bjets_size.png, id=2205, 698.61pt x 752.8125pt>
File: Figures/analysis/EMu_Run3_bjets_size.png Graphic file (type png)
<use Figures/analysis/EMu_Run3_bjets_size.png>
Package pdftex.def Info: Figures/analysis/EMu_Run3_bjets_size.png  used on inpu
t line 515.
(pdftex.def)             Requested size: 97.64778pt x 105.22072pt.
) (./Sections/strategy.tex
[89] [90 <./Figures/analysis/DiMu_Run2_muons_1_pt.png> <./Figures/analysis/DiMu
_Run2_muons_2_pt.png> <./Figures/analysis/DiMu_Run2_pair_mass.png> <./Figures/a
nalysis/DiMu_Run2_muons_1_eta.png> <./Figures/analysis/DiMu_Run2_muons_2_eta.pn
g> <./Figures/analysis/DiMu_Run2_nPVsGood.png> <./Figures/analysis/DiMu_Run3_mu
ons_1_pt.png> <./Figures/analysis/DiMu_Run3_muons_2_pt.png> <./Figures/analysis
/DiMu_Run3_pair_mass.png> <./Figures/analysis/DiMu_Run3_muons_1_eta.png> <./Fig
ures/analysis/DiMu_Run3_muons_2_eta.png> <./Figures/analysis/DiMu_Run3_nPVsGood
.png>] [91 <./Figures/analysis/EMu_Run2_muons_1_pt.png> <./Figures/analysis/EMu
_Run2_electrons_1_pt.png> <./Figures/analysis/EMu_Run2_METv_pt.png> <./Figures/
analysis/EMu_Run2_muons_1_eta.png> <./Figures/analysis/EMu_Run2_electrons_1_eta
.png> <./Figures/analysis/EMu_Run2_nPVsGood.png> <./Figures/analysis/EMu_Run3_m
uons_1_pt.png> <./Figures/analysis/EMu_Run3_electrons_1_pt.png> <./Figures/anal
ysis/EMu_Run3_METv_pt.png> <./Figures/analysis/EMu_Run3_muons_1_eta.png> <./Fig
ures/analysis/EMu_Run3_electrons_1_eta.png> <./Figures/analysis/EMu_Run3_nPVsGo
od.png>] [92 <./Figures/analysis/EMu_Run2_jets_1_pt.png> <./Figures/analysis/EM
u_Run2_jets_1_eta.png> <./Figures/analysis/EMu_Run2_jets_size.png> <./Figures/a
nalysis/EMu_Run2_bjets_1_pt.png> <./Figures/analysis/EMu_Run2_bjets_1_eta.png> 
<./Figures/analysis/EMu_Run2_bjets_size.png> <./Figures/analysis/EMu_Run3_jets_
1_pt.png> <./Figures/analysis/EMu_Run3_jets_1_eta.png> <./Figures/analysis/EMu_
Run3_jets_size.png> <./Figures/analysis/EMu_Run3_bjets_1_pt.png> <./Figures/ana
lysis/EMu_Run3_bjets_1_eta.png> <./Figures/analysis/EMu_Run3_bjets_size.png>]
Chapter 5.

Overfull \hbox (0.79993pt too wide) in paragraph at lines 4--5
\OT1/cmr/m/n/10.95 sig-nal from data. The event se-lec-tion, fit tem-plate con-
struc-tion, and ParticleNet-
 []

[93

]
Overfull \hbox (7.40741pt too wide) in paragraph at lines 19--20
[]\OT1/cmr/bx/n/10.95 OS dimuon in-vari-ant mass\OT1/cmr/m/n/10.95 . Each OS mu
on pair must sat-isfy $\OML/cmm/m/it/10.95 m\OT1/cmr/m/n/10.95 (\OML/cmm/m/it/1
0.95 ^^V[]^^V[]\OT1/cmr/m/n/10.95 ) \OML/cmm/m/it/10.95 >
 []

<external/ChargedHiggsAnalysisV3/TriLepton/plots/Run2/SR1E2Mu/Central/pair_mass
.png, id=2271, 698.61pt x 752.8125pt>
File: external/ChargedHiggsAnalysisV3/TriLepton/plots/Run2/SR1E2Mu/Central/pair
_mass.png Graphic file (type png)
<use external/ChargedHiggsAnalysisV3/TriLepton/plots/Run2/SR1E2Mu/Central/pair_
mass.png>
Package pdftex.def Info: external/ChargedHiggsAnalysisV3/TriLepton/plots/Run2/S
R1E2Mu/Central/pair_mass.png  used on input line 27.
(pdftex.def)             Requested size: 120.18718pt x 129.5042pt.
<external/ChargedHiggsAnalysisV3/TriLepton/plots/Run2/SR1E2Mu/Central/jets_1_pt
.png, id=2272, 698.61pt x 752.8125pt>
File: external/ChargedHiggsAnalysisV3/TriLepton/plots/Run2/SR1E2Mu/Central/jets
_1_pt.png Graphic file (type png)
<use external/ChargedHiggsAnalysisV3/TriLepton/plots/Run2/SR1E2Mu/Central/jets_
1_pt.png>
Package pdftex.def Info: external/ChargedHiggsAnalysisV3/TriLepton/plots/Run2/S
R1E2Mu/Central/jets_1_pt.png  used on input line 28.
(pdftex.def)             Requested size: 120.18718pt x 129.5042pt.
<external/ChargedHiggsAnalysisV3/TriLepton/plots/Run2/SR1E2Mu/Central/bjets_1_p
t.png, id=2273, 698.61pt x 752.8125pt>
File: external/ChargedHiggsAnalysisV3/TriLepton/plots/Run2/SR1E2Mu/Central/bjet
s_1_pt.png Graphic file (type png)
<use external/ChargedHiggsAnalysisV3/TriLepton/plots/Run2/SR1E2Mu/Central/bjets
_1_pt.png>
Package pdftex.def Info: external/ChargedHiggsAnalysisV3/TriLepton/plots/Run2/S
R1E2Mu/Central/bjets_1_pt.png  used on input line 29.
(pdftex.def)             Requested size: 120.18718pt x 129.5042pt.
<external/ChargedHiggsAnalysisV3/TriLepton/plots/Run3/SR1E2Mu/Central/pair_mass
.png, id=2274, 698.61pt x 752.8125pt>
File: external/ChargedHiggsAnalysisV3/TriLepton/plots/Run3/SR1E2Mu/Central/pair
_mass.png Graphic file (type png)
<use external/ChargedHiggsAnalysisV3/TriLepton/plots/Run3/SR1E2Mu/Central/pair_
mass.png>
Package pdftex.def Info: external/ChargedHiggsAnalysisV3/TriLepton/plots/Run3/S
R1E2Mu/Central/pair_mass.png  used on input line 30.
(pdftex.def)             Requested size: 120.18718pt x 129.5042pt.
<external/ChargedHiggsAnalysisV3/TriLepton/plots/Run3/SR1E2Mu/Central/jets_1_pt
.png, id=2275, 698.61pt x 752.8125pt>
File: external/ChargedHiggsAnalysisV3/TriLepton/plots/Run3/SR1E2Mu/Central/jets
_1_pt.png Graphic file (type png)
<use external/ChargedHiggsAnalysisV3/TriLepton/plots/Run3/SR1E2Mu/Central/jets_
1_pt.png>
Package pdftex.def Info: external/ChargedHiggsAnalysisV3/TriLepton/plots/Run3/S
R1E2Mu/Central/jets_1_pt.png  used on input line 31.
(pdftex.def)             Requested size: 120.18718pt x 129.5042pt.
<external/ChargedHiggsAnalysisV3/TriLepton/plots/Run3/SR1E2Mu/Central/bjets_1_p
t.png, id=2276, 698.61pt x 752.8125pt>
File: external/ChargedHiggsAnalysisV3/TriLepton/plots/Run3/SR1E2Mu/Central/bjet
s_1_pt.png Graphic file (type png)
<use external/ChargedHiggsAnalysisV3/TriLepton/plots/Run3/SR1E2Mu/Central/bjets
_1_pt.png>
Package pdftex.def Info: external/ChargedHiggsAnalysisV3/TriLepton/plots/Run3/S
R1E2Mu/Central/bjets_1_pt.png  used on input line 32.
(pdftex.def)             Requested size: 120.18718pt x 129.5042pt.
<external/ChargedHiggsAnalysisV3/TriLepton/plots/Run2/SR3Mu/Central/pair_lowM_m
ass.png, id=2277, 698.61pt x 752.8125pt>
File: external/ChargedHiggsAnalysisV3/TriLepton/plots/Run2/SR3Mu/Central/pair_l
owM_mass.png Graphic file (type png)
<use external/ChargedHiggsAnalysisV3/TriLepton/plots/Run2/SR3Mu/Central/pair_lo
wM_mass.png>
Package pdftex.def Info: external/ChargedHiggsAnalysisV3/TriLepton/plots/Run2/S
R3Mu/Central/pair_lowM_mass.png  used on input line 39.
(pdftex.def)             Requested size: 120.18718pt x 129.5042pt.
<external/ChargedHiggsAnalysisV3/TriLepton/plots/Run2/SR3Mu/Central/pair_highM_
mass.png, id=2278, 698.61pt x 752.8125pt>
File: external/ChargedHiggsAnalysisV3/TriLepton/plots/Run2/SR3Mu/Central/pair_h
ighM_mass.png Graphic file (type png)
<use external/ChargedHiggsAnalysisV3/TriLepton/plots/Run2/SR3Mu/Central/pair_hi
ghM_mass.png>
Package pdftex.def Info: external/ChargedHiggsAnalysisV3/TriLepton/plots/Run2/S
R3Mu/Central/pair_highM_mass.png  used on input line 40.
(pdftex.def)             Requested size: 120.18718pt x 129.5042pt.
<external/ChargedHiggsAnalysisV3/TriLepton/plots/Run2/SR3Mu/Central/METv_pt.png
, id=2279, 698.61pt x 752.8125pt>
File: external/ChargedHiggsAnalysisV3/TriLepton/plots/Run2/SR3Mu/Central/METv_p
t.png Graphic file (type png)
<use external/ChargedHiggsAnalysisV3/TriLepton/plots/Run2/SR3Mu/Central/METv_pt
.png>
Package pdftex.def Info: external/ChargedHiggsAnalysisV3/TriLepton/plots/Run2/S
R3Mu/Central/METv_pt.png  used on input line 41.
(pdftex.def)             Requested size: 120.18718pt x 129.5042pt.
<external/ChargedHiggsAnalysisV3/TriLepton/plots/Run3/SR3Mu/Central/pair_lowM_m
ass.png, id=2280, 698.61pt x 752.8125pt>
File: external/ChargedHiggsAnalysisV3/TriLepton/plots/Run3/SR3Mu/Central/pair_l
owM_mass.png Graphic file (type png)
<use external/ChargedHiggsAnalysisV3/TriLepton/plots/Run3/SR3Mu/Central/pair_lo
wM_mass.png>
Package pdftex.def Info: external/ChargedHiggsAnalysisV3/TriLepton/plots/Run3/S
R3Mu/Central/pair_lowM_mass.png  used on input line 42.
(pdftex.def)             Requested size: 120.18718pt x 129.5042pt.
<external/ChargedHiggsAnalysisV3/TriLepton/plots/Run3/SR3Mu/Central/pair_highM_
mass.png, id=2281, 698.61pt x 752.8125pt>
File: external/ChargedHiggsAnalysisV3/TriLepton/plots/Run3/SR3Mu/Central/pair_h
ighM_mass.png Graphic file (type png)
<use external/ChargedHiggsAnalysisV3/TriLepton/plots/Run3/SR3Mu/Central/pair_hi
ghM_mass.png>
Package pdftex.def Info: external/ChargedHiggsAnalysisV3/TriLepton/plots/Run3/S
R3Mu/Central/pair_highM_mass.png  used on input line 43.
(pdftex.def)             Requested size: 120.18718pt x 129.5042pt.
<external/ChargedHiggsAnalysisV3/TriLepton/plots/Run3/SR3Mu/Central/METv_pt.png
, id=2282, 698.61pt x 752.8125pt>
File: external/ChargedHiggsAnalysisV3/TriLepton/plots/Run3/SR3Mu/Central/METv_p
t.png Graphic file (type png)
<use external/ChargedHiggsAnalysisV3/TriLepton/plots/Run3/SR3Mu/Central/METv_pt
.png>
Package pdftex.def Info: external/ChargedHiggsAnalysisV3/TriLepton/plots/Run3/S
R3Mu/Central/METv_pt.png  used on input line 44.
(pdftex.def)             Requested size: 120.18718pt x 129.5042pt.
[94] [95 <./external/ChargedHiggsAnalysisV3/TriLepton/plots/Run2/SR1E2Mu/Centra
l/pair_mass.png> <./external/ChargedHiggsAnalysisV3/TriLepton/plots/Run2/SR1E2M
u/Central/jets_1_pt.png> <./external/ChargedHiggsAnalysisV3/TriLepton/plots/Run
2/SR1E2Mu/Central/bjets_1_pt.png> <./external/ChargedHiggsAnalysisV3/TriLepton/
plots/Run3/SR1E2Mu/Central/pair_mass.png> <./external/ChargedHiggsAnalysisV3/Tr
iLepton/plots/Run3/SR1E2Mu/Central/jets_1_pt.png> <./external/ChargedHiggsAnaly
sisV3/TriLepton/plots/Run3/SR1E2Mu/Central/bjets_1_pt.png>] [96 <./external/Cha
rgedHiggsAnalysisV3/TriLepton/plots/Run2/SR3Mu/Central/pair_lowM_mass.png> <./e
xternal/ChargedHiggsAnalysisV3/TriLepton/plots/Run2/SR3Mu/Central/pair_highM_ma
ss.png> <./external/ChargedHiggsAnalysisV3/TriLepton/plots/Run2/SR3Mu/Central/M
ETv_pt.png> <./external/ChargedHiggsAnalysisV3/TriLepton/plots/Run3/SR3Mu/Centr
al/pair_lowM_mass.png> <./external/ChargedHiggsAnalysisV3/TriLepton/plots/Run3/
SR3Mu/Central/pair_highM_mass.png> <./external/ChargedHiggsAnalysisV3/TriLepton
/plots/Run3/SR3Mu/Central/METv_pt.png>] [97]
<external/ChargedHiggsAnalysisV3/SignalKinematics/plots/DiscriminationHeatmaps/
2018/SR3Mu/mass.png, id=2317, 691.383pt x 618.3903pt>
File: external/ChargedHiggsAnalysisV3/SignalKinematics/plots/DiscriminationHeat
maps/2018/SR3Mu/mass.png Graphic file (type png)
<use external/ChargedHiggsAnalysisV3/SignalKinematics/plots/DiscriminationHeatm
aps/2018/SR3Mu/mass.png>
Package pdftex.def Info: external/ChargedHiggsAnalysisV3/SignalKinematics/plots
/DiscriminationHeatmaps/2018/SR3Mu/mass.png  used on input line 73.
(pdftex.def)             Requested size: 120.18718pt x 107.49336pt.
<external/ChargedHiggsAnalysisV3/SignalKinematics/plots/DiscriminationHeatmaps/
2018/SR3Mu/gamma.png, id=2318, 691.383pt x 618.3903pt>
File: external/ChargedHiggsAnalysisV3/SignalKinematics/plots/DiscriminationHeat
maps/2018/SR3Mu/gamma.png Graphic file (type png)
<use external/ChargedHiggsAnalysisV3/SignalKinematics/plots/DiscriminationHeatm
aps/2018/SR3Mu/gamma.png>
Package pdftex.def Info: external/ChargedHiggsAnalysisV3/SignalKinematics/plots
/DiscriminationHeatmaps/2018/SR3Mu/gamma.png  used on input line 74.
(pdftex.def)             Requested size: 120.18718pt x 107.49336pt.
<external/ChargedHiggsAnalysisV3/SignalKinematics/plots/DiscriminationHeatmaps/
2018/SR3Mu/mT.png, id=2319, 691.383pt x 618.3903pt>
File: external/ChargedHiggsAnalysisV3/SignalKinematics/plots/DiscriminationHeat
maps/2018/SR3Mu/mT.png Graphic file (type png)
<use external/ChargedHiggsAnalysisV3/SignalKinematics/plots/DiscriminationHeatm
aps/2018/SR3Mu/mT.png>
Package pdftex.def Info: external/ChargedHiggsAnalysisV3/SignalKinematics/plots
/DiscriminationHeatmaps/2018/SR3Mu/mT.png  used on input line 75.
(pdftex.def)             Requested size: 120.18718pt x 107.49336pt.

Overfull \hbox (0.31331pt too wide) in paragraph at lines 82--83
\OT1/cmr/m/n/10.95 Upper lim-its on the sig-nal branch-ing ra-tio, ex-pressed t
hrough the sig-nal strength
 []

[98 <./external/ChargedHiggsAnalysisV3/SignalKinematics/plots/DiscriminationHea
tmaps/2018/SR3Mu/mass.png> <./external/ChargedHiggsAnalysisV3/SignalKinematics/
plots/DiscriminationHeatmaps/2018/SR3Mu/gamma.png> <./external/ChargedHiggsAnal
ysisV3/SignalKinematics/plots/DiscriminationHeatmaps/2018/SR3Mu/mT.png>]
Overfull \hbox (23.5796pt too wide) in paragraph at lines 92--94
\OT1/cmr/m/n/10.95 where $\OML/cmm/m/it/10.95 p[]$ \OT1/cmr/m/n/10.95 and $\OML
/cmm/m/it/10.95 p[]$ \OT1/cmr/m/n/10.95 are the $\OML/cmm/m/it/10.95 p$\OT1/cmr
/m/n/10.95 -values un-der the signal-plus-background and background-
 []

[99] [100] [101]
Overfull \hbox (1.97105pt too wide) in paragraph at lines 149--150
\OT1/cmr/m/n/10.95 Hyperparameter op-ti-miza-tion is per-formed us-ing a ge-net
ic al-go-rithm (GA) [[]160[]].
 []

[102]
<external/ChargedHiggsAnalysisV3/ParticleNetMD/GAOptim/Combined/MHc100_MA95/fol
d-4/best_model/training_curves.png, id=2379, 2103.86pt x 574.145pt>
File: external/ChargedHiggsAnalysisV3/ParticleNetMD/GAOptim/Combined/MHc100_MA9
5/fold-4/best_model/training_curves.png Graphic file (type png)
<use external/ChargedHiggsAnalysisV3/ParticleNetMD/GAOptim/Combined/MHc100_MA95
/fold-4/best_model/training_curves.png>
Package pdftex.def Info: external/ChargedHiggsAnalysisV3/ParticleNetMD/GAOptim/
Combined/MHc100_MA95/fold-4/best_model/training_curves.png  used on input line 
167.
(pdftex.def)             Requested size: 356.7964pt x 97.3668pt.
<external/ChargedHiggsAnalysisV3/ParticleNetMD/GAOptim/Combined/MHc130_MA90/fol
d-4/best_model/training_curves.png, id=2380, 2103.86pt x 574.145pt>
File: external/ChargedHiggsAnalysisV3/ParticleNetMD/GAOptim/Combined/MHc130_MA9
0/fold-4/best_model/training_curves.png Graphic file (type png)
<use external/ChargedHiggsAnalysisV3/ParticleNetMD/GAOptim/Combined/MHc130_MA90
/fold-4/best_model/training_curves.png>
Package pdftex.def Info: external/ChargedHiggsAnalysisV3/ParticleNetMD/GAOptim/
Combined/MHc130_MA90/fold-4/best_model/training_curves.png  used on input line 
168.
(pdftex.def)             Requested size: 356.7964pt x 97.3668pt.
<external/ChargedHiggsAnalysisV3/ParticleNetMD/GAOptim/Combined/MHc160_MA85/fol
d-4/best_model/training_curves.png, id=2381, 2103.86pt x 574.145pt>
File: external/ChargedHiggsAnalysisV3/ParticleNetMD/GAOptim/Combined/MHc160_MA8
5/fold-4/best_model/training_curves.png Graphic file (type png)
<use external/ChargedHiggsAnalysisV3/ParticleNetMD/GAOptim/Combined/MHc160_MA85
/fold-4/best_model/training_curves.png>
Package pdftex.def Info: external/ChargedHiggsAnalysisV3/ParticleNetMD/GAOptim/
Combined/MHc160_MA85/fold-4/best_model/training_curves.png  used on input line 
169.
(pdftex.def)             Requested size: 356.7964pt x 97.3668pt.
<external/ChargedHiggsAnalysisV3/ParticleNetMD/GAOptim/Combined/MHc100_MA95/fol
d-4/best_model/roc_curves.png, id=2382, 598.235pt x 574.145pt>
File: external/ChargedHiggsAnalysisV3/ParticleNetMD/GAOptim/Combined/MHc100_MA9
5/fold-4/best_model/roc_curves.png Graphic file (type png)
<use external/ChargedHiggsAnalysisV3/ParticleNetMD/GAOptim/Combined/MHc100_MA95
/fold-4/best_model/roc_curves.png>
Package pdftex.def Info: external/ChargedHiggsAnalysisV3/ParticleNetMD/GAOptim/
Combined/MHc100_MA95/fold-4/best_model/roc_curves.png  used on input line 176.
(pdftex.def)             Requested size: 120.18718pt x 115.34384pt.
<external/ChargedHiggsAnalysisV3/ParticleNetMD/GAOptim/Combined/MHc130_MA90/fol
d-4/best_model/roc_curves.png, id=2383, 598.235pt x 574.145pt>
File: external/ChargedHiggsAnalysisV3/ParticleNetMD/GAOptim/Combined/MHc130_MA9
0/fold-4/best_model/roc_curves.png Graphic file (type png)
<use external/ChargedHiggsAnalysisV3/ParticleNetMD/GAOptim/Combined/MHc130_MA90
/fold-4/best_model/roc_curves.png>
Package pdftex.def Info: external/ChargedHiggsAnalysisV3/ParticleNetMD/GAOptim/
Combined/MHc130_MA90/fold-4/best_model/roc_curves.png  used on input line 177.
(pdftex.def)             Requested size: 120.18718pt x 115.34384pt.
<external/ChargedHiggsAnalysisV3/ParticleNetMD/GAOptim/Combined/MHc160_MA85/fol
d-4/best_model/roc_curves.png, id=2384, 598.235pt x 574.145pt>
File: external/ChargedHiggsAnalysisV3/ParticleNetMD/GAOptim/Combined/MHc160_MA8
5/fold-4/best_model/roc_curves.png Graphic file (type png)
<use external/ChargedHiggsAnalysisV3/ParticleNetMD/GAOptim/Combined/MHc160_MA85
/fold-4/best_model/roc_curves.png>
Package pdftex.def Info: external/ChargedHiggsAnalysisV3/ParticleNetMD/GAOptim/
Combined/MHc160_MA85/fold-4/best_model/roc_curves.png  used on input line 178.
(pdftex.def)             Requested size: 120.18718pt x 115.34384pt.
 [103] [104 <./external/ChargedHiggsAnalysisV3/ParticleNetMD/GAOptim/Combined/M
Hc100_MA95/fold-4/best_model/training_curves.png> <./external/ChargedHiggsAnaly
sisV3/ParticleNetMD/GAOptim/Combined/MHc130_MA90/fold-4/best_model/training_cur
ves.png> <./external/ChargedHiggsAnalysisV3/ParticleNetMD/GAOptim/Combined/MHc1
60_MA85/fold-4/best_model/training_curves.png>]
<external/ChargedHiggsAnalysisV3/SignalRegionStudyV3/templates/All/Combined/MHc
100_MA95/Baseline/extended_unblind/validation/SR1E2Mu_Run2/stack_background.png
, id=2403, 698.61pt x 752.8125pt>
File: external/ChargedHiggsAnalysisV3/SignalRegionStudyV3/templates/All/Combine
d/MHc100_MA95/Baseline/extended_unblind/validation/SR1E2Mu_Run2/stack_backgroun
d.png Graphic file (type png)
<use external/ChargedHiggsAnalysisV3/SignalRegionStudyV3/templates/All/Combined
/MHc100_MA95/Baseline/extended_unblind/validation/SR1E2Mu_Run2/stack_background
.png>
Package pdftex.def Info: external/ChargedHiggsAnalysisV3/SignalRegionStudyV3/te
mplates/All/Combined/MHc100_MA95/Baseline/extended_unblind/validation/SR1E2Mu_R
un2/stack_background.png  used on input line 236.
(pdftex.def)             Requested size: 103.2812pt x 111.28584pt.
<external/ChargedHiggsAnalysisV3/SignalRegionStudyV3/templates/All/Combined/MHc
130_MA90/Baseline/extended_unblind/validation/SR1E2Mu_Run2/stack_background.png
, id=2404, 698.61pt x 752.8125pt>
File: external/ChargedHiggsAnalysisV3/SignalRegionStudyV3/templates/All/Combine
d/MHc130_MA90/Baseline/extended_unblind/validation/SR1E2Mu_Run2/stack_backgroun
d.png Graphic file (type png)
<use external/ChargedHiggsAnalysisV3/SignalRegionStudyV3/templates/All/Combined
/MHc130_MA90/Baseline/extended_unblind/validation/SR1E2Mu_Run2/stack_background
.png>
Package pdftex.def Info: external/ChargedHiggsAnalysisV3/SignalRegionStudyV3/te
mplates/All/Combined/MHc130_MA90/Baseline/extended_unblind/validation/SR1E2Mu_R
un2/stack_background.png  used on input line 237.
(pdftex.def)             Requested size: 103.2812pt x 111.28584pt.
<external/ChargedHiggsAnalysisV3/SignalRegionStudyV3/templates/All/Combined/MHc
160_MA85/Baseline/extended_unblind/validation/SR1E2Mu_Run2/stack_background.png
, id=2405, 698.61pt x 752.8125pt>
File: external/ChargedHiggsAnalysisV3/SignalRegionStudyV3/templates/All/Combine
d/MHc160_MA85/Baseline/extended_unblind/validation/SR1E2Mu_Run2/stack_backgroun
d.png Graphic file (type png)
<use external/ChargedHiggsAnalysisV3/SignalRegionStudyV3/templates/All/Combined
/MHc160_MA85/Baseline/extended_unblind/validation/SR1E2Mu_Run2/stack_background
.png>
Package pdftex.def Info: external/ChargedHiggsAnalysisV3/SignalRegionStudyV3/te
mplates/All/Combined/MHc160_MA85/Baseline/extended_unblind/validation/SR1E2Mu_R
un2/stack_background.png  used on input line 238.
(pdftex.def)             Requested size: 103.2812pt x 111.28584pt.
<external/ChargedHiggsAnalysisV3/SignalRegionStudyV3/templates/All/Combined/MHc
100_MA95/ParticleNet/extended_unblind/validation/SR1E2Mu_Run2/stack_background.
png, id=2406, 698.61pt x 752.8125pt>
File: external/ChargedHiggsAnalysisV3/SignalRegionStudyV3/templates/All/Combine
d/MHc100_MA95/ParticleNet/extended_unblind/validation/SR1E2Mu_Run2/stack_backgr
ound.png Graphic file (type png)
<use external/ChargedHiggsAnalysisV3/SignalRegionStudyV3/templates/All/Combined
/MHc100_MA95/ParticleNet/extended_unblind/validation/SR1E2Mu_Run2/stack_backgro
und.png>
Package pdftex.def Info: external/ChargedHiggsAnalysisV3/SignalRegionStudyV3/te
mplates/All/Combined/MHc100_MA95/ParticleNet/extended_unblind/validation/SR1E2M
u_Run2/stack_background.png  used on input line 239.
(pdftex.def)             Requested size: 103.2812pt x 111.28584pt.
<external/ChargedHiggsAnalysisV3/SignalRegionStudyV3/templates/All/Combined/MHc
130_MA90/ParticleNet/extended_unblind/validation/SR1E2Mu_Run2/stack_background.
png, id=2407, 698.61pt x 752.8125pt>
File: external/ChargedHiggsAnalysisV3/SignalRegionStudyV3/templates/All/Combine
d/MHc130_MA90/ParticleNet/extended_unblind/validation/SR1E2Mu_Run2/stack_backgr
ound.png Graphic file (type png)
<use external/ChargedHiggsAnalysisV3/SignalRegionStudyV3/templates/All/Combined
/MHc130_MA90/ParticleNet/extended_unblind/validation/SR1E2Mu_Run2/stack_backgro
und.png>
Package pdftex.def Info: external/ChargedHiggsAnalysisV3/SignalRegionStudyV3/te
mplates/All/Combined/MHc130_MA90/ParticleNet/extended_unblind/validation/SR1E2M
u_Run2/stack_background.png  used on input line 240.
(pdftex.def)             Requested size: 103.2812pt x 111.28584pt.
<external/ChargedHiggsAnalysisV3/SignalRegionStudyV3/templates/All/Combined/MHc
160_MA85/ParticleNet/extended_unblind/validation/SR1E2Mu_Run2/stack_background.
png, id=2408, 698.61pt x 752.8125pt>
File: external/ChargedHiggsAnalysisV3/SignalRegionStudyV3/templates/All/Combine
d/MHc160_MA85/ParticleNet/extended_unblind/validation/SR1E2Mu_Run2/stack_backgr
ound.png Graphic file (type png)
<use external/ChargedHiggsAnalysisV3/SignalRegionStudyV3/templates/All/Combined
/MHc160_MA85/ParticleNet/extended_unblind/validation/SR1E2Mu_Run2/stack_backgro
und.png>
Package pdftex.def Info: external/ChargedHiggsAnalysisV3/SignalRegionStudyV3/te
mplates/All/Combined/MHc160_MA85/ParticleNet/extended_unblind/validation/SR1E2M
u_Run2/stack_background.png  used on input line 241.
(pdftex.def)             Requested size: 103.2812pt x 111.28584pt.
<external/ChargedHiggsAnalysisV3/SignalRegionStudyV3/templates/All/Combined/MHc
100_MA95/Baseline/extended_unblind/validation/SR3Mu_Run2/stack_background.png, 
id=2409, 698.61pt x 752.8125pt>
File: external/ChargedHiggsAnalysisV3/SignalRegionStudyV3/templates/All/Combine
d/MHc100_MA95/Baseline/extended_unblind/validation/SR3Mu_Run2/stack_background.
png Graphic file (type png)
<use external/ChargedHiggsAnalysisV3/SignalRegionStudyV3/templates/All/Combined
/MHc100_MA95/Baseline/extended_unblind/validation/SR3Mu_Run2/stack_background.p
ng>
Package pdftex.def Info: external/ChargedHiggsAnalysisV3/SignalRegionStudyV3/te
mplates/All/Combined/MHc100_MA95/Baseline/extended_unblind/validation/SR3Mu_Run
2/stack_background.png  used on input line 242.
(pdftex.def)             Requested size: 103.2812pt x 111.28584pt.
<external/ChargedHiggsAnalysisV3/SignalRegionStudyV3/templates/All/Combined/MHc
130_MA90/Baseline/extended_unblind/validation/SR3Mu_Run2/stack_background.png, 
id=2410, 698.61pt x 752.8125pt>
File: external/ChargedHiggsAnalysisV3/SignalRegionStudyV3/templates/All/Combine
d/MHc130_MA90/Baseline/extended_unblind/validation/SR3Mu_Run2/stack_background.
png Graphic file (type png)
<use external/ChargedHiggsAnalysisV3/SignalRegionStudyV3/templates/All/Combined
/MHc130_MA90/Baseline/extended_unblind/validation/SR3Mu_Run2/stack_background.p
ng>
Package pdftex.def Info: external/ChargedHiggsAnalysisV3/SignalRegionStudyV3/te
mplates/All/Combined/MHc130_MA90/Baseline/extended_unblind/validation/SR3Mu_Run
2/stack_background.png  used on input line 243.
(pdftex.def)             Requested size: 103.2812pt x 111.28584pt.
<external/ChargedHiggsAnalysisV3/SignalRegionStudyV3/templates/All/Combined/MHc
160_MA85/Baseline/extended_unblind/validation/SR3Mu_Run2/stack_background.png, 
id=2411, 698.61pt x 752.8125pt>
File: external/ChargedHiggsAnalysisV3/SignalRegionStudyV3/templates/All/Combine
d/MHc160_MA85/Baseline/extended_unblind/validation/SR3Mu_Run2/stack_background.
png Graphic file (type png)
<use external/ChargedHiggsAnalysisV3/SignalRegionStudyV3/templates/All/Combined
/MHc160_MA85/Baseline/extended_unblind/validation/SR3Mu_Run2/stack_background.p
ng>
Package pdftex.def Info: external/ChargedHiggsAnalysisV3/SignalRegionStudyV3/te
mplates/All/Combined/MHc160_MA85/Baseline/extended_unblind/validation/SR3Mu_Run
2/stack_background.png  used on input line 244.
(pdftex.def)             Requested size: 103.2812pt x 111.28584pt.
<external/ChargedHiggsAnalysisV3/SignalRegionStudyV3/templates/All/Combined/MHc
100_MA95/ParticleNet/extended_unblind/validation/SR3Mu_Run2/stack_background.pn
g, id=2412, 698.61pt x 752.8125pt>
File: external/ChargedHiggsAnalysisV3/SignalRegionStudyV3/templates/All/Combine
d/MHc100_MA95/ParticleNet/extended_unblind/validation/SR3Mu_Run2/stack_backgrou
nd.png Graphic file (type png)
<use external/ChargedHiggsAnalysisV3/SignalRegionStudyV3/templates/All/Combined
/MHc100_MA95/ParticleNet/extended_unblind/validation/SR3Mu_Run2/stack_backgroun
d.png>
Package pdftex.def Info: external/ChargedHiggsAnalysisV3/SignalRegionStudyV3/te
mplates/All/Combined/MHc100_MA95/ParticleNet/extended_unblind/validation/SR3Mu_
Run2/stack_background.png  used on input line 245.
(pdftex.def)             Requested size: 103.2812pt x 111.28584pt.
<external/ChargedHiggsAnalysisV3/SignalRegionStudyV3/templates/All/Combined/MHc
130_MA90/ParticleNet/extended_unblind/validation/SR3Mu_Run2/stack_background.pn
g, id=2413, 698.61pt x 752.8125pt>
File: external/ChargedHiggsAnalysisV3/SignalRegionStudyV3/templates/All/Combine
d/MHc130_MA90/ParticleNet/extended_unblind/validation/SR3Mu_Run2/stack_backgrou
nd.png Graphic file (type png)
<use external/ChargedHiggsAnalysisV3/SignalRegionStudyV3/templates/All/Combined
/MHc130_MA90/ParticleNet/extended_unblind/validation/SR3Mu_Run2/stack_backgroun
d.png>
Package pdftex.def Info: external/ChargedHiggsAnalysisV3/SignalRegionStudyV3/te
mplates/All/Combined/MHc130_MA90/ParticleNet/extended_unblind/validation/SR3Mu_
Run2/stack_background.png  used on input line 246.
(pdftex.def)             Requested size: 103.2812pt x 111.28584pt.
<external/ChargedHiggsAnalysisV3/SignalRegionStudyV3/templates/All/Combined/MHc
160_MA85/ParticleNet/extended_unblind/validation/SR3Mu_Run2/stack_background.pn
g, id=2414, 698.61pt x 752.8125pt>
File: external/ChargedHiggsAnalysisV3/SignalRegionStudyV3/templates/All/Combine
d/MHc160_MA85/ParticleNet/extended_unblind/validation/SR3Mu_Run2/stack_backgrou
nd.png Graphic file (type png)
<use external/ChargedHiggsAnalysisV3/SignalRegionStudyV3/templates/All/Combined
/MHc160_MA85/ParticleNet/extended_unblind/validation/SR3Mu_Run2/stack_backgroun
d.png>
Package pdftex.def Info: external/ChargedHiggsAnalysisV3/SignalRegionStudyV3/te
mplates/All/Combined/MHc160_MA85/ParticleNet/extended_unblind/validation/SR3Mu_
Run2/stack_background.png  used on input line 247.
(pdftex.def)             Requested size: 103.2812pt x 111.28584pt.
<external/ChargedHiggsAnalysisV3/SignalRegionStudyV3/templates/All/Combined/MHc
100_MA95/Baseline/extended_unblind/validation/SR1E2Mu_Run3/stack_background.png
, id=2415, 698.61pt x 752.8125pt>
File: external/ChargedHiggsAnalysisV3/SignalRegionStudyV3/templates/All/Combine
d/MHc100_MA95/Baseline/extended_unblind/validation/SR1E2Mu_Run3/stack_backgroun
d.png Graphic file (type png)
<use external/ChargedHiggsAnalysisV3/SignalRegionStudyV3/templates/All/Combined
/MHc100_MA95/Baseline/extended_unblind/validation/SR1E2Mu_Run3/stack_background
.png>
Package pdftex.def Info: external/ChargedHiggsAnalysisV3/SignalRegionStudyV3/te
mplates/All/Combined/MHc100_MA95/Baseline/extended_unblind/validation/SR1E2Mu_R
un3/stack_background.png  used on input line 254.
(pdftex.def)             Requested size: 103.2812pt x 111.28584pt.
<external/ChargedHiggsAnalysisV3/SignalRegionStudyV3/templates/All/Combined/MHc
130_MA90/Baseline/extended_unblind/validation/SR1E2Mu_Run3/stack_background.png
, id=2416, 698.61pt x 752.8125pt>
File: external/ChargedHiggsAnalysisV3/SignalRegionStudyV3/templates/All/Combine
d/MHc130_MA90/Baseline/extended_unblind/validation/SR1E2Mu_Run3/stack_backgroun
d.png Graphic file (type png)
<use external/ChargedHiggsAnalysisV3/SignalRegionStudyV3/templates/All/Combined
/MHc130_MA90/Baseline/extended_unblind/validation/SR1E2Mu_Run3/stack_background
.png>
Package pdftex.def Info: external/ChargedHiggsAnalysisV3/SignalRegionStudyV3/te
mplates/All/Combined/MHc130_MA90/Baseline/extended_unblind/validation/SR1E2Mu_R
un3/stack_background.png  used on input line 255.
(pdftex.def)             Requested size: 103.2812pt x 111.28584pt.
<external/ChargedHiggsAnalysisV3/SignalRegionStudyV3/templates/All/Combined/MHc
160_MA85/Baseline/extended_unblind/validation/SR1E2Mu_Run3/stack_background.png
, id=2417, 698.61pt x 752.8125pt>
File: external/ChargedHiggsAnalysisV3/SignalRegionStudyV3/templates/All/Combine
d/MHc160_MA85/Baseline/extended_unblind/validation/SR1E2Mu_Run3/stack_backgroun
d.png Graphic file (type png)
<use external/ChargedHiggsAnalysisV3/SignalRegionStudyV3/templates/All/Combined
/MHc160_MA85/Baseline/extended_unblind/validation/SR1E2Mu_Run3/stack_background
.png>
Package pdftex.def Info: external/ChargedHiggsAnalysisV3/SignalRegionStudyV3/te
mplates/All/Combined/MHc160_MA85/Baseline/extended_unblind/validation/SR1E2Mu_R
un3/stack_background.png  used on input line 256.
(pdftex.def)             Requested size: 103.2812pt x 111.28584pt.
<external/ChargedHiggsAnalysisV3/SignalRegionStudyV3/templates/All/Combined/MHc
100_MA95/ParticleNet/extended_unblind/validation/SR1E2Mu_Run3/stack_background.
png, id=2418, 698.61pt x 752.8125pt>
File: external/ChargedHiggsAnalysisV3/SignalRegionStudyV3/templates/All/Combine
d/MHc100_MA95/ParticleNet/extended_unblind/validation/SR1E2Mu_Run3/stack_backgr
ound.png Graphic file (type png)
<use external/ChargedHiggsAnalysisV3/SignalRegionStudyV3/templates/All/Combined
/MHc100_MA95/ParticleNet/extended_unblind/validation/SR1E2Mu_Run3/stack_backgro
und.png>
Package pdftex.def Info: external/ChargedHiggsAnalysisV3/SignalRegionStudyV3/te
mplates/All/Combined/MHc100_MA95/ParticleNet/extended_unblind/validation/SR1E2M
u_Run3/stack_background.png  used on input line 257.
(pdftex.def)             Requested size: 103.2812pt x 111.28584pt.
<external/ChargedHiggsAnalysisV3/SignalRegionStudyV3/templates/All/Combined/MHc
130_MA90/ParticleNet/extended_unblind/validation/SR1E2Mu_Run3/stack_background.
png, id=2419, 698.61pt x 752.8125pt>
File: external/ChargedHiggsAnalysisV3/SignalRegionStudyV3/templates/All/Combine
d/MHc130_MA90/ParticleNet/extended_unblind/validation/SR1E2Mu_Run3/stack_backgr
ound.png Graphic file (type png)
<use external/ChargedHiggsAnalysisV3/SignalRegionStudyV3/templates/All/Combined
/MHc130_MA90/ParticleNet/extended_unblind/validation/SR1E2Mu_Run3/stack_backgro
und.png>
Package pdftex.def Info: external/ChargedHiggsAnalysisV3/SignalRegionStudyV3/te
mplates/All/Combined/MHc130_MA90/ParticleNet/extended_unblind/validation/SR1E2M
u_Run3/stack_background.png  used on input line 258.
(pdftex.def)             Requested size: 103.2812pt x 111.28584pt.
<external/ChargedHiggsAnalysisV3/SignalRegionStudyV3/templates/All/Combined/MHc
160_MA85/ParticleNet/extended_unblind/validation/SR1E2Mu_Run3/stack_background.
png, id=2420, 698.61pt x 752.8125pt>
File: external/ChargedHiggsAnalysisV3/SignalRegionStudyV3/templates/All/Combine
d/MHc160_MA85/ParticleNet/extended_unblind/validation/SR1E2Mu_Run3/stack_backgr
ound.png Graphic file (type png)
<use external/ChargedHiggsAnalysisV3/SignalRegionStudyV3/templates/All/Combined
/MHc160_MA85/ParticleNet/extended_unblind/validation/SR1E2Mu_Run3/stack_backgro
und.png>
Package pdftex.def Info: external/ChargedHiggsAnalysisV3/SignalRegionStudyV3/te
mplates/All/Combined/MHc160_MA85/ParticleNet/extended_unblind/validation/SR1E2M
u_Run3/stack_background.png  used on input line 259.
(pdftex.def)             Requested size: 103.2812pt x 111.28584pt.
<external/ChargedHiggsAnalysisV3/SignalRegionStudyV3/templates/All/Combined/MHc
100_MA95/Baseline/extended_unblind/validation/SR3Mu_Run3/stack_background.png, 
id=2421, 698.61pt x 752.8125pt>
File: external/ChargedHiggsAnalysisV3/SignalRegionStudyV3/templates/All/Combine
d/MHc100_MA95/Baseline/extended_unblind/validation/SR3Mu_Run3/stack_background.
png Graphic file (type png)
<use external/ChargedHiggsAnalysisV3/SignalRegionStudyV3/templates/All/Combined
/MHc100_MA95/Baseline/extended_unblind/validation/SR3Mu_Run3/stack_background.p
ng>
Package pdftex.def Info: external/ChargedHiggsAnalysisV3/SignalRegionStudyV3/te
mplates/All/Combined/MHc100_MA95/Baseline/extended_unblind/validation/SR3Mu_Run
3/stack_background.png  used on input line 260.
(pdftex.def)             Requested size: 103.2812pt x 111.28584pt.
<external/ChargedHiggsAnalysisV3/SignalRegionStudyV3/templates/All/Combined/MHc
130_MA90/Baseline/extended_unblind/validation/SR3Mu_Run3/stack_background.png, 
id=2422, 698.61pt x 752.8125pt>
File: external/ChargedHiggsAnalysisV3/SignalRegionStudyV3/templates/All/Combine
d/MHc130_MA90/Baseline/extended_unblind/validation/SR3Mu_Run3/stack_background.
png Graphic file (type png)
<use external/ChargedHiggsAnalysisV3/SignalRegionStudyV3/templates/All/Combined
/MHc130_MA90/Baseline/extended_unblind/validation/SR3Mu_Run3/stack_background.p
ng>
Package pdftex.def Info: external/ChargedHiggsAnalysisV3/SignalRegionStudyV3/te
mplates/All/Combined/MHc130_MA90/Baseline/extended_unblind/validation/SR3Mu_Run
3/stack_background.png  used on input line 261.
(pdftex.def)             Requested size: 103.2812pt x 111.28584pt.
<external/ChargedHiggsAnalysisV3/SignalRegionStudyV3/templates/All/Combined/MHc
160_MA85/Baseline/extended_unblind/validation/SR3Mu_Run3/stack_background.png, 
id=2423, 698.61pt x 752.8125pt>
File: external/ChargedHiggsAnalysisV3/SignalRegionStudyV3/templates/All/Combine
d/MHc160_MA85/Baseline/extended_unblind/validation/SR3Mu_Run3/stack_background.
png Graphic file (type png)
<use external/ChargedHiggsAnalysisV3/SignalRegionStudyV3/templates/All/Combined
/MHc160_MA85/Baseline/extended_unblind/validation/SR3Mu_Run3/stack_background.p
ng>
Package pdftex.def Info: external/ChargedHiggsAnalysisV3/SignalRegionStudyV3/te
mplates/All/Combined/MHc160_MA85/Baseline/extended_unblind/validation/SR3Mu_Run
3/stack_background.png  used on input line 262.
(pdftex.def)             Requested size: 103.2812pt x 111.28584pt.
<external/ChargedHiggsAnalysisV3/SignalRegionStudyV3/templates/All/Combined/MHc
100_MA95/ParticleNet/extended_unblind/validation/SR3Mu_Run3/stack_background.pn
g, id=2424, 698.61pt x 752.8125pt>
File: external/ChargedHiggsAnalysisV3/SignalRegionStudyV3/templates/All/Combine
d/MHc100_MA95/ParticleNet/extended_unblind/validation/SR3Mu_Run3/stack_backgrou
nd.png Graphic file (type png)
<use external/ChargedHiggsAnalysisV3/SignalRegionStudyV3/templates/All/Combined
/MHc100_MA95/ParticleNet/extended_unblind/validation/SR3Mu_Run3/stack_backgroun
d.png>
Package pdftex.def Info: external/ChargedHiggsAnalysisV3/SignalRegionStudyV3/te
mplates/All/Combined/MHc100_MA95/ParticleNet/extended_unblind/validation/SR3Mu_
Run3/stack_background.png  used on input line 263.
(pdftex.def)             Requested size: 103.2812pt x 111.28584pt.
<external/ChargedHiggsAnalysisV3/SignalRegionStudyV3/templates/All/Combined/MHc
130_MA90/ParticleNet/extended_unblind/validation/SR3Mu_Run3/stack_background.pn
g, id=2425, 698.61pt x 752.8125pt>
File: external/ChargedHiggsAnalysisV3/SignalRegionStudyV3/templates/All/Combine
d/MHc130_MA90/ParticleNet/extended_unblind/validation/SR3Mu_Run3/stack_backgrou
nd.png Graphic file (type png)
<use external/ChargedHiggsAnalysisV3/SignalRegionStudyV3/templates/All/Combined
/MHc130_MA90/ParticleNet/extended_unblind/validation/SR3Mu_Run3/stack_backgroun
d.png>
Package pdftex.def Info: external/ChargedHiggsAnalysisV3/SignalRegionStudyV3/te
mplates/All/Combined/MHc130_MA90/ParticleNet/extended_unblind/validation/SR3Mu_
Run3/stack_background.png  used on input line 264.
(pdftex.def)             Requested size: 103.2812pt x 111.28584pt.
<external/ChargedHiggsAnalysisV3/SignalRegionStudyV3/templates/All/Combined/MHc
160_MA85/ParticleNet/extended_unblind/validation/SR3Mu_Run3/stack_background.pn
g, id=2426, 698.61pt x 752.8125pt>
File: external/ChargedHiggsAnalysisV3/SignalRegionStudyV3/templates/All/Combine
d/MHc160_MA85/ParticleNet/extended_unblind/validation/SR3Mu_Run3/stack_backgrou
nd.png Graphic file (type png)
<use external/ChargedHiggsAnalysisV3/SignalRegionStudyV3/templates/All/Combined
/MHc160_MA85/ParticleNet/extended_unblind/validation/SR3Mu_Run3/stack_backgroun
d.png>
Package pdftex.def Info: external/ChargedHiggsAnalysisV3/SignalRegionStudyV3/te
mplates/All/Combined/MHc160_MA85/ParticleNet/extended_unblind/validation/SR3Mu_
Run3/stack_background.png  used on input line 265.
(pdftex.def)             Requested size: 103.2812pt x 111.28584pt.
 [105] [106 <./external/ChargedHiggsAnalysisV3/ParticleNetMD/GAOptim/Combined/M
Hc100_MA95/fold-4/best_model/roc_curves.png> <./external/ChargedHiggsAnalysisV3
/ParticleNetMD/GAOptim/Combined/MHc130_MA90/fold-4/best_model/roc_curves.png> <
./external/ChargedHiggsAnalysisV3/ParticleNetMD/GAOptim/Combined/MHc160_MA85/fo
ld-4/best_model/roc_curves.png>] [107 <./external/ChargedHiggsAnalysisV3/Signal
RegionStudyV3/templates/All/Combined/MHc100_MA95/Baseline/extended_unblind/vali
dation/SR1E2Mu_Run2/stack_background.png> <./external/ChargedHiggsAnalysisV3/Si
gnalRegionStudyV3/templates/All/Combined/MHc130_MA90/Baseline/extended_unblind/
validation/SR1E2Mu_Run2/stack_background.png> <./external/ChargedHiggsAnalysisV
3/SignalRegionStudyV3/templates/All/Combined/MHc160_MA85/Baseline/extended_unbl
ind/validation/SR1E2Mu_Run2/stack_background.png> <./external/ChargedHiggsAnaly
sisV3/SignalRegionStudyV3/templates/All/Combined/MHc100_MA95/ParticleNet/extend
ed_unblind/validation/SR1E2Mu_Run2/stack_background.png> <./external/ChargedHig
gsAnalysisV3/SignalRegionStudyV3/templates/All/Combined/MHc130_MA90/ParticleNet
/extended_unblind/validation/SR1E2Mu_Run2/stack_background.png> <./external/Cha
rgedHiggsAnalysisV3/SignalRegionStudyV3/templates/All/Combined/MHc160_MA85/Part
icleNet/extended_unblind/validation/SR1E2Mu_Run2/stack_background.png> <./exter
nal/ChargedHiggsAnalysisV3/SignalRegionStudyV3/templates/All/Combined/MHc100_MA
95/Baseline/extended_unblind/validation/SR3Mu_Run2/stack_background.png> <./ext
ernal/ChargedHiggsAnalysisV3/SignalRegionStudyV3/templates/All/Combined/MHc130_
MA90/Baseline/extended_unblind/validation/SR3Mu_Run2/stack_background.png> <./e
xternal/ChargedHiggsAnalysisV3/SignalRegionStudyV3/templates/All/Combined/MHc16
0_MA85/Baseline/extended_unblind/validation/SR3Mu_Run2/stack_background.png> <.
/external/ChargedHiggsAnalysisV3/SignalRegionStudyV3/templates/All/Combined/MHc
100_MA95/ParticleNet/extended_unblind/validation/SR3Mu_Run2/stack_background.pn
g> <./external/ChargedHiggsAnalysisV3/SignalRegionStudyV3/templates/All/Combine
d/MHc130_MA90/ParticleNet/extended_unblind/validation/SR3Mu_Run2/stack_backgrou
nd.png> <./external/ChargedHiggsAnalysisV3/SignalRegionStudyV3/templates/All/Co
mbined/MHc160_MA85/ParticleNet/extended_unblind/validation/SR3Mu_Run2/stack_bac
kground.png>] [108 <./external/ChargedHiggsAnalysisV3/SignalRegionStudyV3/templ
ates/All/Combined/MHc100_MA95/Baseline/extended_unblind/validation/SR1E2Mu_Run3
/stack_background.png> <./external/ChargedHiggsAnalysisV3/SignalRegionStudyV3/t
emplates/All/Combined/MHc130_MA90/Baseline/extended_unblind/validation/SR1E2Mu_
Run3/stack_background.png> <./external/ChargedHiggsAnalysisV3/SignalRegionStudy
V3/templates/All/Combined/MHc160_MA85/Baseline/extended_unblind/validation/SR1E
2Mu_Run3/stack_background.png> <./external/ChargedHiggsAnalysisV3/SignalRegionS
tudyV3/templates/All/Combined/MHc100_MA95/ParticleNet/extended_unblind/validati
on/SR1E2Mu_Run3/stack_background.png> <./external/ChargedHiggsAnalysisV3/Signal
RegionStudyV3/templates/All/Combined/MHc130_MA90/ParticleNet/extended_unblind/v
alidation/SR1E2Mu_Run3/stack_background.png> <./external/ChargedHiggsAnalysisV3
/SignalRegionStudyV3/templates/All/Combined/MHc160_MA85/ParticleNet/extended_un
blind/validation/SR1E2Mu_Run3/stack_background.png> <./external/ChargedHiggsAna
lysisV3/SignalRegionStudyV3/templates/All/Combined/MHc100_MA95/Baseline/extende
d_unblind/validation/SR3Mu_Run3/stack_background.png> <./external/ChargedHiggsA
nalysisV3/SignalRegionStudyV3/templates/All/Combined/MHc130_MA90/Baseline/exten
ded_unblind/validation/SR3Mu_Run3/stack_background.png> <./external/ChargedHigg
sAnalysisV3/SignalRegionStudyV3/templates/All/Combined/MHc160_MA85/Baseline/ext
ended_unblind/validation/SR3Mu_Run3/stack_background.png> <./external/ChargedHi
ggsAnalysisV3/SignalRegionStudyV3/templates/All/Combined/MHc100_MA95/ParticleNe
t/extended_unblind/validation/SR3Mu_Run3/stack_background.png> <./external/Char
gedHiggsAnalysisV3/SignalRegionStudyV3/templates/All/Combined/MHc130_MA90/Parti
cleNet/extended_unblind/validation/SR3Mu_Run3/stack_background.png> <./external
/ChargedHiggsAnalysisV3/SignalRegionStudyV3/templates/All/Combined/MHc160_MA85/
ParticleNet/extended_unblind/validation/SR3Mu_Run3/stack_background.png>]
<external/ChargedHiggsAnalysisV3/SignalRegionStudyV3/templates/All/SR1E2Mu/MHc1
00_MA85/ParticleNet/extended_unblind/scores/TTZ2E1Mu/LR_modified.png, id=2476, 
698.61pt x 752.8125pt>
File: external/ChargedHiggsAnalysisV3/SignalRegionStudyV3/templates/All/SR1E2Mu
/MHc100_MA85/ParticleNet/extended_unblind/scores/TTZ2E1Mu/LR_modified.png Graph
ic file (type png)
<use external/ChargedHiggsAnalysisV3/SignalRegionStudyV3/templates/All/SR1E2Mu/
MHc100_MA85/ParticleNet/extended_unblind/scores/TTZ2E1Mu/LR_modified.png>
Package pdftex.def Info: external/ChargedHiggsAnalysisV3/SignalRegionStudyV3/te
mplates/All/SR1E2Mu/MHc100_MA85/ParticleNet/extended_unblind/scores/TTZ2E1Mu/LR
_modified.png  used on input line 279.
(pdftex.def)             Requested size: 120.18718pt x 129.5042pt.
<external/ChargedHiggsAnalysisV3/SignalRegionStudyV3/templates/All/SR1E2Mu/MHc1
00_MA90/ParticleNet/extended_unblind/scores/TTZ2E1Mu/LR_modified.png, id=2477, 
698.61pt x 752.8125pt>
File: external/ChargedHiggsAnalysisV3/SignalRegionStudyV3/templates/All/SR1E2Mu
/MHc100_MA90/ParticleNet/extended_unblind/scores/TTZ2E1Mu/LR_modified.png Graph
ic file (type png)
<use external/ChargedHiggsAnalysisV3/SignalRegionStudyV3/templates/All/SR1E2Mu/
MHc100_MA90/ParticleNet/extended_unblind/scores/TTZ2E1Mu/LR_modified.png>
Package pdftex.def Info: external/ChargedHiggsAnalysisV3/SignalRegionStudyV3/te
mplates/All/SR1E2Mu/MHc100_MA90/ParticleNet/extended_unblind/scores/TTZ2E1Mu/LR
_modified.png  used on input line 280.
(pdftex.def)             Requested size: 120.18718pt x 129.5042pt.
<external/ChargedHiggsAnalysisV3/SignalRegionStudyV3/templates/All/SR1E2Mu/MHc1
00_MA95/ParticleNet/extended_unblind/scores/TTZ2E1Mu/LR_modified.png, id=2478, 
698.61pt x 752.8125pt>
File: external/ChargedHiggsAnalysisV3/SignalRegionStudyV3/templates/All/SR1E2Mu
/MHc100_MA95/ParticleNet/extended_unblind/scores/TTZ2E1Mu/LR_modified.png Graph
ic file (type png)
<use external/ChargedHiggsAnalysisV3/SignalRegionStudyV3/templates/All/SR1E2Mu/
MHc100_MA95/ParticleNet/extended_unblind/scores/TTZ2E1Mu/LR_modified.png>
Package pdftex.def Info: external/ChargedHiggsAnalysisV3/SignalRegionStudyV3/te
mplates/All/SR1E2Mu/MHc100_MA95/ParticleNet/extended_unblind/scores/TTZ2E1Mu/LR
_modified.png  used on input line 281.
(pdftex.def)             Requested size: 120.18718pt x 129.5042pt.
<external/ChargedHiggsAnalysisV3/SignalRegionStudyV3/templates/All/SR1E2Mu/MHc1
30_MA85/ParticleNet/extended_unblind/scores/TTZ2E1Mu/LR_modified.png, id=2479, 
698.61pt x 752.8125pt>
File: external/ChargedHiggsAnalysisV3/SignalRegionStudyV3/templates/All/SR1E2Mu
/MHc130_MA85/ParticleNet/extended_unblind/scores/TTZ2E1Mu/LR_modified.png Graph
ic file (type png)
<use external/ChargedHiggsAnalysisV3/SignalRegionStudyV3/templates/All/SR1E2Mu/
MHc130_MA85/ParticleNet/extended_unblind/scores/TTZ2E1Mu/LR_modified.png>
Package pdftex.def Info: external/ChargedHiggsAnalysisV3/SignalRegionStudyV3/te
mplates/All/SR1E2Mu/MHc130_MA85/ParticleNet/extended_unblind/scores/TTZ2E1Mu/LR
_modified.png  used on input line 282.
(pdftex.def)             Requested size: 120.18718pt x 129.5042pt.
<external/ChargedHiggsAnalysisV3/SignalRegionStudyV3/templates/All/SR1E2Mu/MHc1
30_MA90/ParticleNet/extended_unblind/scores/TTZ2E1Mu/LR_modified.png, id=2480, 
698.61pt x 752.8125pt>
File: external/ChargedHiggsAnalysisV3/SignalRegionStudyV3/templates/All/SR1E2Mu
/MHc130_MA90/ParticleNet/extended_unblind/scores/TTZ2E1Mu/LR_modified.png Graph
ic file (type png)
<use external/ChargedHiggsAnalysisV3/SignalRegionStudyV3/templates/All/SR1E2Mu/
MHc130_MA90/ParticleNet/extended_unblind/scores/TTZ2E1Mu/LR_modified.png>
Package pdftex.def Info: external/ChargedHiggsAnalysisV3/SignalRegionStudyV3/te
mplates/All/SR1E2Mu/MHc130_MA90/ParticleNet/extended_unblind/scores/TTZ2E1Mu/LR
_modified.png  used on input line 283.
(pdftex.def)             Requested size: 120.18718pt x 129.5042pt.
<external/ChargedHiggsAnalysisV3/SignalRegionStudyV3/templates/All/SR1E2Mu/MHc1
30_MA95/ParticleNet/extended_unblind/scores/TTZ2E1Mu/LR_modified.png, id=2481, 
698.61pt x 752.8125pt>
File: external/ChargedHiggsAnalysisV3/SignalRegionStudyV3/templates/All/SR1E2Mu
/MHc130_MA95/ParticleNet/extended_unblind/scores/TTZ2E1Mu/LR_modified.png Graph
ic file (type png)
<use external/ChargedHiggsAnalysisV3/SignalRegionStudyV3/templates/All/SR1E2Mu/
MHc130_MA95/ParticleNet/extended_unblind/scores/TTZ2E1Mu/LR_modified.png>
Package pdftex.def Info: external/ChargedHiggsAnalysisV3/SignalRegionStudyV3/te
mplates/All/SR1E2Mu/MHc130_MA95/ParticleNet/extended_unblind/scores/TTZ2E1Mu/LR
_modified.png  used on input line 284.
(pdftex.def)             Requested size: 120.18718pt x 129.5042pt.
<external/ChargedHiggsAnalysisV3/SignalRegionStudyV3/templates/All/SR1E2Mu/MHc1
60_MA85/ParticleNet/extended_unblind/scores/TTZ2E1Mu/LR_modified.png, id=2482, 
698.61pt x 752.8125pt>
File: external/ChargedHiggsAnalysisV3/SignalRegionStudyV3/templates/All/SR1E2Mu
/MHc160_MA85/ParticleNet/extended_unblind/scores/TTZ2E1Mu/LR_modified.png Graph
ic file (type png)
<use external/ChargedHiggsAnalysisV3/SignalRegionStudyV3/templates/All/SR1E2Mu/
MHc160_MA85/ParticleNet/extended_unblind/scores/TTZ2E1Mu/LR_modified.png>
Package pdftex.def Info: external/ChargedHiggsAnalysisV3/SignalRegionStudyV3/te
mplates/All/SR1E2Mu/MHc160_MA85/ParticleNet/extended_unblind/scores/TTZ2E1Mu/LR
_modified.png  used on input line 285.
(pdftex.def)             Requested size: 120.18718pt x 129.5042pt.
<external/ChargedHiggsAnalysisV3/SignalRegionStudyV3/templates/All/SR1E2Mu/MHc1
60_MA90/ParticleNet/extended_unblind/scores/TTZ2E1Mu/LR_modified.png, id=2483, 
698.61pt x 752.8125pt>
File: external/ChargedHiggsAnalysisV3/SignalRegionStudyV3/templates/All/SR1E2Mu
/MHc160_MA90/ParticleNet/extended_unblind/scores/TTZ2E1Mu/LR_modified.png Graph
ic file (type png)
<use external/ChargedHiggsAnalysisV3/SignalRegionStudyV3/templates/All/SR1E2Mu/
MHc160_MA90/ParticleNet/extended_unblind/scores/TTZ2E1Mu/LR_modified.png>
Package pdftex.def Info: external/ChargedHiggsAnalysisV3/SignalRegionStudyV3/te
mplates/All/SR1E2Mu/MHc160_MA90/ParticleNet/extended_unblind/scores/TTZ2E1Mu/LR
_modified.png  used on input line 286.
(pdftex.def)             Requested size: 120.18718pt x 129.5042pt.
<external/ChargedHiggsAnalysisV3/SignalRegionStudyV3/templates/All/SR1E2Mu/MHc1
60_MA95/ParticleNet/extended_unblind/scores/TTZ2E1Mu/LR_modified.png, id=2484, 
698.61pt x 752.8125pt>
File: external/ChargedHiggsAnalysisV3/SignalRegionStudyV3/templates/All/SR1E2Mu
/MHc160_MA95/ParticleNet/extended_unblind/scores/TTZ2E1Mu/LR_modified.png Graph
ic file (type png)
<use external/ChargedHiggsAnalysisV3/SignalRegionStudyV3/templates/All/SR1E2Mu/
MHc160_MA95/ParticleNet/extended_unblind/scores/TTZ2E1Mu/LR_modified.png>
Package pdftex.def Info: external/ChargedHiggsAnalysisV3/SignalRegionStudyV3/te
mplates/All/SR1E2Mu/MHc160_MA95/ParticleNet/extended_unblind/scores/TTZ2E1Mu/LR
_modified.png  used on input line 287.
(pdftex.def)             Requested size: 120.18718pt x 129.5042pt.
 [109] [110 <./external/ChargedHiggsAnalysisV3/SignalRegionStudyV3/templates/Al
l/SR1E2Mu/MHc100_MA85/ParticleNet/extended_unblind/scores/TTZ2E1Mu/LR_modified.
png> <./external/ChargedHiggsAnalysisV3/SignalRegionStudyV3/templates/All/SR1E2
Mu/MHc100_MA90/ParticleNet/extended_unblind/scores/TTZ2E1Mu/LR_modified.png> <.
/external/ChargedHiggsAnalysisV3/SignalRegionStudyV3/templates/All/SR1E2Mu/MHc1
00_MA95/ParticleNet/extended_unblind/scores/TTZ2E1Mu/LR_modified.png> <./extern
al/ChargedHiggsAnalysisV3/SignalRegionStudyV3/templates/All/SR1E2Mu/MHc130_MA85
/ParticleNet/extended_unblind/scores/TTZ2E1Mu/LR_modified.png> <./external/Char
gedHiggsAnalysisV3/SignalRegionStudyV3/templates/All/SR1E2Mu/MHc130_MA90/Partic
leNet/extended_unblind/scores/TTZ2E1Mu/LR_modified.png> <./external/ChargedHigg
sAnalysisV3/SignalRegionStudyV3/templates/All/SR1E2Mu/MHc130_MA95/ParticleNet/e
xtended_unblind/scores/TTZ2E1Mu/LR_modified.png> <./external/ChargedHiggsAnalys
isV3/SignalRegionStudyV3/templates/All/SR1E2Mu/MHc160_MA85/ParticleNet/extended
_unblind/scores/TTZ2E1Mu/LR_modified.png> <./external/ChargedHiggsAnalysisV3/Si
gnalRegionStudyV3/templates/All/SR1E2Mu/MHc160_MA90/ParticleNet/extended_unblin
d/scores/TTZ2E1Mu/LR_modified.png> <./external/ChargedHiggsAnalysisV3/SignalReg
ionStudyV3/templates/All/SR1E2Mu/MHc160_MA95/ParticleNet/extended_unblind/score
s/TTZ2E1Mu/LR_modified.png>]
[111

] [112]
Overfull \hbox (19.0473pt too wide) detected at line 360
[]
 []

[113]
<external/ChargedHiggsAnalysisV3/MeasFakeRateV4/plots/2016preVFP/electron/faker
ate.png, id=2531, 798.985pt x 574.145pt>
File: external/ChargedHiggsAnalysisV3/MeasFakeRateV4/plots/2016preVFP/electron/
fakerate.png Graphic file (type png)
<use external/ChargedHiggsAnalysisV3/MeasFakeRateV4/plots/2016preVFP/electron/f
akerate.png>
Package pdftex.def Info: external/ChargedHiggsAnalysisV3/MeasFakeRateV4/plots/2
016preVFP/electron/fakerate.png  used on input line 373.
(pdftex.def)             Requested size: 150.22824pt x 107.94978pt.
<external/ChargedHiggsAnalysisV3/MeasFakeRateV4/plots/2016preVFP/muon/fakerate.
png, id=2532, 798.985pt x 574.145pt>
File: external/ChargedHiggsAnalysisV3/MeasFakeRateV4/plots/2016preVFP/muon/fake
rate.png Graphic file (type png)
<use external/ChargedHiggsAnalysisV3/MeasFakeRateV4/plots/2016preVFP/muon/faker
ate.png>
Package pdftex.def Info: external/ChargedHiggsAnalysisV3/MeasFakeRateV4/plots/2
016preVFP/muon/fakerate.png  used on input line 374.
(pdftex.def)             Requested size: 150.22824pt x 107.94978pt.
<external/ChargedHiggsAnalysisV3/MeasFakeRateV4/plots/2016postVFP/electron/fake
rate.png, id=2533, 798.985pt x 574.145pt>
File: external/ChargedHiggsAnalysisV3/MeasFakeRateV4/plots/2016postVFP/electron
/fakerate.png Graphic file (type png)
<use external/ChargedHiggsAnalysisV3/MeasFakeRateV4/plots/2016postVFP/electron/
fakerate.png>
Package pdftex.def Info: external/ChargedHiggsAnalysisV3/MeasFakeRateV4/plots/2
016postVFP/electron/fakerate.png  used on input line 375.
(pdftex.def)             Requested size: 150.22824pt x 107.94978pt.
<external/ChargedHiggsAnalysisV3/MeasFakeRateV4/plots/2016postVFP/muon/fakerate
.png, id=2534, 798.985pt x 574.145pt>
File: external/ChargedHiggsAnalysisV3/MeasFakeRateV4/plots/2016postVFP/muon/fak
erate.png Graphic file (type png)
<use external/ChargedHiggsAnalysisV3/MeasFakeRateV4/plots/2016postVFP/muon/fake
rate.png>
Package pdftex.def Info: external/ChargedHiggsAnalysisV3/MeasFakeRateV4/plots/2
016postVFP/muon/fakerate.png  used on input line 376.
(pdftex.def)             Requested size: 150.22824pt x 107.94978pt.
<external/ChargedHiggsAnalysisV3/MeasFakeRateV4/plots/2017/electron/fakerate.pn
g, id=2535, 798.985pt x 574.145pt>
File: external/ChargedHiggsAnalysisV3/MeasFakeRateV4/plots/2017/electron/fakera
te.png Graphic file (type png)
<use external/ChargedHiggsAnalysisV3/MeasFakeRateV4/plots/2017/electron/fakerat
e.png>
Package pdftex.def Info: external/ChargedHiggsAnalysisV3/MeasFakeRateV4/plots/2
017/electron/fakerate.png  used on input line 377.
(pdftex.def)             Requested size: 150.22824pt x 107.94978pt.
<external/ChargedHiggsAnalysisV3/MeasFakeRateV4/plots/2017/muon/fakerate.png, i
d=2536, 798.985pt x 574.145pt>
File: external/ChargedHiggsAnalysisV3/MeasFakeRateV4/plots/2017/muon/fakerate.p
ng Graphic file (type png)
<use external/ChargedHiggsAnalysisV3/MeasFakeRateV4/plots/2017/muon/fakerate.pn
g>
Package pdftex.def Info: external/ChargedHiggsAnalysisV3/MeasFakeRateV4/plots/2
017/muon/fakerate.png  used on input line 378.
(pdftex.def)             Requested size: 150.22824pt x 107.94978pt.
<external/ChargedHiggsAnalysisV3/MeasFakeRateV4/plots/2018/electron/fakerate.pn
g, id=2537, 798.985pt x 574.145pt>
File: external/ChargedHiggsAnalysisV3/MeasFakeRateV4/plots/2018/electron/fakera
te.png Graphic file (type png)
<use external/ChargedHiggsAnalysisV3/MeasFakeRateV4/plots/2018/electron/fakerat
e.png>
Package pdftex.def Info: external/ChargedHiggsAnalysisV3/MeasFakeRateV4/plots/2
018/electron/fakerate.png  used on input line 379.
(pdftex.def)             Requested size: 150.22824pt x 107.94978pt.
<external/ChargedHiggsAnalysisV3/MeasFakeRateV4/plots/2018/muon/fakerate.png, i
d=2538, 798.985pt x 574.145pt>
File: external/ChargedHiggsAnalysisV3/MeasFakeRateV4/plots/2018/muon/fakerate.p
ng Graphic file (type png)
<use external/ChargedHiggsAnalysisV3/MeasFakeRateV4/plots/2018/muon/fakerate.pn
g>
Package pdftex.def Info: external/ChargedHiggsAnalysisV3/MeasFakeRateV4/plots/2
018/muon/fakerate.png  used on input line 380.
(pdftex.def)             Requested size: 150.22824pt x 107.94978pt.
<external/ChargedHiggsAnalysisV3/MeasFakeRateV4/plots/2022/electron/fakerate.pn
g, id=2539, 798.985pt x 574.145pt>
File: external/ChargedHiggsAnalysisV3/MeasFakeRateV4/plots/2022/electron/fakera
te.png Graphic file (type png)
<use external/ChargedHiggsAnalysisV3/MeasFakeRateV4/plots/2022/electron/fakerat
e.png>
Package pdftex.def Info: external/ChargedHiggsAnalysisV3/MeasFakeRateV4/plots/2
022/electron/fakerate.png  used on input line 387.
(pdftex.def)             Requested size: 150.22824pt x 107.94978pt.
<external/ChargedHiggsAnalysisV3/MeasFakeRateV4/plots/2022/muon/fakerate.png, i
d=2540, 798.985pt x 574.145pt>
File: external/ChargedHiggsAnalysisV3/MeasFakeRateV4/plots/2022/muon/fakerate.p
ng Graphic file (type png)
<use external/ChargedHiggsAnalysisV3/MeasFakeRateV4/plots/2022/muon/fakerate.pn
g>
Package pdftex.def Info: external/ChargedHiggsAnalysisV3/MeasFakeRateV4/plots/2
022/muon/fakerate.png  used on input line 388.
(pdftex.def)             Requested size: 150.22824pt x 107.94978pt.
<external/ChargedHiggsAnalysisV3/MeasFakeRateV4/plots/2022EE/electron/fakerate.
png, id=2541, 798.985pt x 574.145pt>
File: external/ChargedHiggsAnalysisV3/MeasFakeRateV4/plots/2022EE/electron/fake
rate.png Graphic file (type png)
<use external/ChargedHiggsAnalysisV3/MeasFakeRateV4/plots/2022EE/electron/faker
ate.png>
Package pdftex.def Info: external/ChargedHiggsAnalysisV3/MeasFakeRateV4/plots/2
022EE/electron/fakerate.png  used on input line 389.
(pdftex.def)             Requested size: 150.22824pt x 107.94978pt.
<external/ChargedHiggsAnalysisV3/MeasFakeRateV4/plots/2022EE/muon/fakerate.png,
 id=2542, 798.985pt x 574.145pt>
File: external/ChargedHiggsAnalysisV3/MeasFakeRateV4/plots/2022EE/muon/fakerate
.png Graphic file (type png)
<use external/ChargedHiggsAnalysisV3/MeasFakeRateV4/plots/2022EE/muon/fakerate.
png>
Package pdftex.def Info: external/ChargedHiggsAnalysisV3/MeasFakeRateV4/plots/2
022EE/muon/fakerate.png  used on input line 390.
(pdftex.def)             Requested size: 150.22824pt x 107.94978pt.
<external/ChargedHiggsAnalysisV3/MeasFakeRateV4/plots/2023/electron/fakerate.pn
g, id=2543, 798.985pt x 574.145pt>
File: external/ChargedHiggsAnalysisV3/MeasFakeRateV4/plots/2023/electron/fakera
te.png Graphic file (type png)
<use external/ChargedHiggsAnalysisV3/MeasFakeRateV4/plots/2023/electron/fakerat
e.png>
Package pdftex.def Info: external/ChargedHiggsAnalysisV3/MeasFakeRateV4/plots/2
023/electron/fakerate.png  used on input line 391.
(pdftex.def)             Requested size: 150.22824pt x 107.94978pt.
<external/ChargedHiggsAnalysisV3/MeasFakeRateV4/plots/2023/muon/fakerate.png, i
d=2544, 798.985pt x 574.145pt>
File: external/ChargedHiggsAnalysisV3/MeasFakeRateV4/plots/2023/muon/fakerate.p
ng Graphic file (type png)
<use external/ChargedHiggsAnalysisV3/MeasFakeRateV4/plots/2023/muon/fakerate.pn
g>
Package pdftex.def Info: external/ChargedHiggsAnalysisV3/MeasFakeRateV4/plots/2
023/muon/fakerate.png  used on input line 392.
(pdftex.def)             Requested size: 150.22824pt x 107.94978pt.
<external/ChargedHiggsAnalysisV3/MeasFakeRateV4/plots/2023BPix/electron/fakerat
e.png, id=2545, 798.985pt x 574.145pt>
File: external/ChargedHiggsAnalysisV3/MeasFakeRateV4/plots/2023BPix/electron/fa
kerate.png Graphic file (type png)
<use external/ChargedHiggsAnalysisV3/MeasFakeRateV4/plots/2023BPix/electron/fak
erate.png>
Package pdftex.def Info: external/ChargedHiggsAnalysisV3/MeasFakeRateV4/plots/2
023BPix/electron/fakerate.png  used on input line 393.
(pdftex.def)             Requested size: 150.22824pt x 107.94978pt.
<external/ChargedHiggsAnalysisV3/MeasFakeRateV4/plots/2023BPix/muon/fakerate.pn
g, id=2546, 798.985pt x 574.145pt>
File: external/ChargedHiggsAnalysisV3/MeasFakeRateV4/plots/2023BPix/muon/fakera
te.png Graphic file (type png)
<use external/ChargedHiggsAnalysisV3/MeasFakeRateV4/plots/2023BPix/muon/fakerat
e.png>
Package pdftex.def Info: external/ChargedHiggsAnalysisV3/MeasFakeRateV4/plots/2
023BPix/muon/fakerate.png  used on input line 394.
(pdftex.def)             Requested size: 150.22824pt x 107.94978pt.
 [114] [115 <./external/ChargedHiggsAnalysisV3/MeasFakeRateV4/plots/2016preVFP/
electron/fakerate.png> <./external/ChargedHiggsAnalysisV3/MeasFakeRateV4/plots/
2016preVFP/muon/fakerate.png> <./external/ChargedHiggsAnalysisV3/MeasFakeRateV4
/plots/2016postVFP/electron/fakerate.png> <./external/ChargedHiggsAnalysisV3/Me
asFakeRateV4/plots/2016postVFP/muon/fakerate.png> <./external/ChargedHiggsAnaly
sisV3/MeasFakeRateV4/plots/2017/electron/fakerate.png> <./external/ChargedHiggs
AnalysisV3/MeasFakeRateV4/plots/2017/muon/fakerate.png> <./external/ChargedHigg
sAnalysisV3/MeasFakeRateV4/plots/2018/electron/fakerate.png> <./external/Charge
dHiggsAnalysisV3/MeasFakeRateV4/plots/2018/muon/fakerate.png>] [116 <./external
/ChargedHiggsAnalysisV3/MeasFakeRateV4/plots/2022/electron/fakerate.png> <./ext
ernal/ChargedHiggsAnalysisV3/MeasFakeRateV4/plots/2022/muon/fakerate.png> <./ex
ternal/ChargedHiggsAnalysisV3/MeasFakeRateV4/plots/2022EE/electron/fakerate.png
> <./external/ChargedHiggsAnalysisV3/MeasFakeRateV4/plots/2022EE/muon/fakerate.
png> <./external/ChargedHiggsAnalysisV3/MeasFakeRateV4/plots/2023/electron/fake
rate.png> <./external/ChargedHiggsAnalysisV3/MeasFakeRateV4/plots/2023/muon/fak
erate.png> <./external/ChargedHiggsAnalysisV3/MeasFakeRateV4/plots/2023BPix/ele
ctron/fakerate.png> <./external/ChargedHiggsAnalysisV3/MeasFakeRateV4/plots/202
3BPix/muon/fakerate.png>] [117]
Overfull \hbox (19.86441pt too wide) in paragraph at lines 427--428
[]\OT1/cmr/m/n/10.95 In Run 3, the de-fault $W[]$ sim-u-la-tion was changed fro
m \OT1/cmr/m/sc/10.95 Mad-Graph\OT1/cmr/m/n/10.95 5[]a\OT1/cmr/m/sc/10.95 mc@nl
o\OT1/cmr/m/n/10.95 ,
 []

[118]
Overfull \hbox (1.01286pt too wide) in paragraph at lines 443--444
\OT1/cmr/m/n/10.95 cat-e-gories: un-cer-tain-ties re-lated to the data-driven b
ack-ground es-ti-ma-tion meth-
 []

<external/ChargedHiggsAnalysisV3/MeasFakeRateV4/plots/Run2/Run1E2Mu/Central/clo
sure_pair_mass.png, id=2598, 698.61pt x 752.8125pt>
File: external/ChargedHiggsAnalysisV3/MeasFakeRateV4/plots/Run2/Run1E2Mu/Centra
l/closure_pair_mass.png Graphic file (type png)
<use external/ChargedHiggsAnalysisV3/MeasFakeRateV4/plots/Run2/Run1E2Mu/Central
/closure_pair_mass.png>
Package pdftex.def Info: external/ChargedHiggsAnalysisV3/MeasFakeRateV4/plots/R
un2/Run1E2Mu/Central/closure_pair_mass.png  used on input line 455.
(pdftex.def)             Requested size: 97.64778pt x 105.22072pt.
<external/ChargedHiggsAnalysisV3/MeasFakeRateV4/plots/Run2/Run1E2Mu/Central/clo
sure_nonprompt_pt.png, id=2599, 698.61pt x 752.8125pt>
File: external/ChargedHiggsAnalysisV3/MeasFakeRateV4/plots/Run2/Run1E2Mu/Centra
l/closure_nonprompt_pt.png Graphic file (type png)
<use external/ChargedHiggsAnalysisV3/MeasFakeRateV4/plots/Run2/Run1E2Mu/Central
/closure_nonprompt_pt.png>
Package pdftex.def Info: external/ChargedHiggsAnalysisV3/MeasFakeRateV4/plots/R
un2/Run1E2Mu/Central/closure_nonprompt_pt.png  used on input line 456.
(pdftex.def)             Requested size: 97.64778pt x 105.22072pt.
<external/ChargedHiggsAnalysisV3/MeasFakeRateV4/plots/Run2/Run1E2Mu/Central/clo
sure_nonprompt_eta.png, id=2600, 698.61pt x 752.8125pt>
File: external/ChargedHiggsAnalysisV3/MeasFakeRateV4/plots/Run2/Run1E2Mu/Centra
l/closure_nonprompt_eta.png Graphic file (type png)
<use external/ChargedHiggsAnalysisV3/MeasFakeRateV4/plots/Run2/Run1E2Mu/Central
/closure_nonprompt_eta.png>
Package pdftex.def Info: external/ChargedHiggsAnalysisV3/MeasFakeRateV4/plots/R
un2/Run1E2Mu/Central/closure_nonprompt_eta.png  used on input line 457.
(pdftex.def)             Requested size: 97.64778pt x 105.22072pt.
<external/ChargedHiggsAnalysisV3/MeasFakeRateV4/plots/Run2/Run3Mu/Central/closu
re_pair_lowm_mass.png, id=2601, 698.61pt x 752.8125pt>
File: external/ChargedHiggsAnalysisV3/MeasFakeRateV4/plots/Run2/Run3Mu/Central/
closure_pair_lowm_mass.png Graphic file (type png)
<use external/ChargedHiggsAnalysisV3/MeasFakeRateV4/plots/Run2/Run3Mu/Central/c
losure_pair_lowm_mass.png>
Package pdftex.def Info: external/ChargedHiggsAnalysisV3/MeasFakeRateV4/plots/R
un2/Run3Mu/Central/closure_pair_lowm_mass.png  used on input line 458.
(pdftex.def)             Requested size: 97.64778pt x 105.22072pt.
<external/ChargedHiggsAnalysisV3/MeasFakeRateV4/plots/Run2/Run3Mu/Central/closu
re_pair_highm_mass.png, id=2602, 698.61pt x 752.8125pt>
File: external/ChargedHiggsAnalysisV3/MeasFakeRateV4/plots/Run2/Run3Mu/Central/
closure_pair_highm_mass.png Graphic file (type png)
<use external/ChargedHiggsAnalysisV3/MeasFakeRateV4/plots/Run2/Run3Mu/Central/c
losure_pair_highm_mass.png>
Package pdftex.def Info: external/ChargedHiggsAnalysisV3/MeasFakeRateV4/plots/R
un2/Run3Mu/Central/closure_pair_highm_mass.png  used on input line 459.
(pdftex.def)             Requested size: 97.64778pt x 105.22072pt.
<external/ChargedHiggsAnalysisV3/MeasFakeRateV4/plots/Run2/Run3Mu/Central/closu
re_nonprompt_pt.png, id=2603, 698.61pt x 752.8125pt>
File: external/ChargedHiggsAnalysisV3/MeasFakeRateV4/plots/Run2/Run3Mu/Central/
closure_nonprompt_pt.png Graphic file (type png)
<use external/ChargedHiggsAnalysisV3/MeasFakeRateV4/plots/Run2/Run3Mu/Central/c
losure_nonprompt_pt.png>
Package pdftex.def Info: external/ChargedHiggsAnalysisV3/MeasFakeRateV4/plots/R
un2/Run3Mu/Central/closure_nonprompt_pt.png  used on input line 460.
(pdftex.def)             Requested size: 97.64778pt x 105.22072pt.
<external/ChargedHiggsAnalysisV3/MeasFakeRateV4/plots/Run3/Run1E2Mu/Central/clo
sure_pair_mass.png, id=2604, 698.61pt x 752.8125pt>
File: external/ChargedHiggsAnalysisV3/MeasFakeRateV4/plots/Run3/Run1E2Mu/Centra
l/closure_pair_mass.png Graphic file (type png)
<use external/ChargedHiggsAnalysisV3/MeasFakeRateV4/plots/Run3/Run1E2Mu/Central
/closure_pair_mass.png>
Package pdftex.def Info: external/ChargedHiggsAnalysisV3/MeasFakeRateV4/plots/R
un3/Run1E2Mu/Central/closure_pair_mass.png  used on input line 461.
(pdftex.def)             Requested size: 97.64778pt x 105.22072pt.
<external/ChargedHiggsAnalysisV3/MeasFakeRateV4/plots/Run3/Run1E2Mu/Central/clo
sure_nonprompt_pt.png, id=2605, 698.61pt x 752.8125pt>
File: external/ChargedHiggsAnalysisV3/MeasFakeRateV4/plots/Run3/Run1E2Mu/Centra
l/closure_nonprompt_pt.png Graphic file (type png)
<use external/ChargedHiggsAnalysisV3/MeasFakeRateV4/plots/Run3/Run1E2Mu/Central
/closure_nonprompt_pt.png>
Package pdftex.def Info: external/ChargedHiggsAnalysisV3/MeasFakeRateV4/plots/R
un3/Run1E2Mu/Central/closure_nonprompt_pt.png  used on input line 462.
(pdftex.def)             Requested size: 97.64778pt x 105.22072pt.
<external/ChargedHiggsAnalysisV3/MeasFakeRateV4/plots/Run3/Run1E2Mu/Central/clo
sure_nonprompt_eta.png, id=2606, 698.61pt x 752.8125pt>
File: external/ChargedHiggsAnalysisV3/MeasFakeRateV4/plots/Run3/Run1E2Mu/Centra
l/closure_nonprompt_eta.png Graphic file (type png)
<use external/ChargedHiggsAnalysisV3/MeasFakeRateV4/plots/Run3/Run1E2Mu/Central
/closure_nonprompt_eta.png>
Package pdftex.def Info: external/ChargedHiggsAnalysisV3/MeasFakeRateV4/plots/R
un3/Run1E2Mu/Central/closure_nonprompt_eta.png  used on input line 463.
(pdftex.def)             Requested size: 97.64778pt x 105.22072pt.
<external/ChargedHiggsAnalysisV3/MeasFakeRateV4/plots/Run3/Run3Mu/Central/closu
re_pair_lowm_mass.png, id=2607, 698.61pt x 752.8125pt>
File: external/ChargedHiggsAnalysisV3/MeasFakeRateV4/plots/Run3/Run3Mu/Central/
closure_pair_lowm_mass.png Graphic file (type png)
<use external/ChargedHiggsAnalysisV3/MeasFakeRateV4/plots/Run3/Run3Mu/Central/c
losure_pair_lowm_mass.png>
Package pdftex.def Info: external/ChargedHiggsAnalysisV3/MeasFakeRateV4/plots/R
un3/Run3Mu/Central/closure_pair_lowm_mass.png  used on input line 464.
(pdftex.def)             Requested size: 97.64778pt x 105.22072pt.
<external/ChargedHiggsAnalysisV3/MeasFakeRateV4/plots/Run3/Run3Mu/Central/closu
re_pair_highm_mass.png, id=2608, 698.61pt x 752.8125pt>
File: external/ChargedHiggsAnalysisV3/MeasFakeRateV4/plots/Run3/Run3Mu/Central/
closure_pair_highm_mass.png Graphic file (type png)
<use external/ChargedHiggsAnalysisV3/MeasFakeRateV4/plots/Run3/Run3Mu/Central/c
losure_pair_highm_mass.png>
Package pdftex.def Info: external/ChargedHiggsAnalysisV3/MeasFakeRateV4/plots/R
un3/Run3Mu/Central/closure_pair_highm_mass.png  used on input line 465.
(pdftex.def)             Requested size: 97.64778pt x 105.22072pt.
<external/ChargedHiggsAnalysisV3/MeasFakeRateV4/plots/Run3/Run3Mu/Central/closu
re_nonprompt_pt.png, id=2609, 698.61pt x 752.8125pt>
File: external/ChargedHiggsAnalysisV3/MeasFakeRateV4/plots/Run3/Run3Mu/Central/
closure_nonprompt_pt.png Graphic file (type png)
<use external/ChargedHiggsAnalysisV3/MeasFakeRateV4/plots/Run3/Run3Mu/Central/c
losure_nonprompt_pt.png>
Package pdftex.def Info: external/ChargedHiggsAnalysisV3/MeasFakeRateV4/plots/R
un3/Run3Mu/Central/closure_nonprompt_pt.png  used on input line 466.
(pdftex.def)             Requested size: 97.64778pt x 105.22072pt.
[119]
Overfull \hbox (17.9825pt too wide) in paragraph at lines 473--474
[]\OT1/cmr/m/n/10.95 The va-lid-ity of the fake rate mea-sure-ment is fur-ther 
ver-i-fied in the $[]$+nonprompt
 []

<external/ChargedHiggsAnalysisV3/TriLepton/plots/Run2/ZFake1E2Mu/Central/ZCand_
mass.png, id=2618, 698.61pt x 752.8125pt>
File: external/ChargedHiggsAnalysisV3/TriLepton/plots/Run2/ZFake1E2Mu/Central/Z
Cand_mass.png Graphic file (type png)
<use external/ChargedHiggsAnalysisV3/TriLepton/plots/Run2/ZFake1E2Mu/Central/ZC
and_mass.png>
Package pdftex.def Info: external/ChargedHiggsAnalysisV3/TriLepton/plots/Run2/Z
Fake1E2Mu/Central/ZCand_mass.png  used on input line 477.
(pdftex.def)             Requested size: 97.64778pt x 105.22072pt.
<external/ChargedHiggsAnalysisV3/TriLepton/plots/Run2/ZFake1E2Mu/Central/nonpro
mpt_pt.png, id=2619, 698.61pt x 752.8125pt>
File: external/ChargedHiggsAnalysisV3/TriLepton/plots/Run2/ZFake1E2Mu/Central/n
onprompt_pt.png Graphic file (type png)
<use external/ChargedHiggsAnalysisV3/TriLepton/plots/Run2/ZFake1E2Mu/Central/no
nprompt_pt.png>
Package pdftex.def Info: external/ChargedHiggsAnalysisV3/TriLepton/plots/Run2/Z
Fake1E2Mu/Central/nonprompt_pt.png  used on input line 478.
(pdftex.def)             Requested size: 97.64778pt x 105.22072pt.
<external/ChargedHiggsAnalysisV3/TriLepton/plots/Run2/ZFake1E2Mu/Central/nonpro
mpt_eta.png, id=2620, 698.61pt x 752.8125pt>
File: external/ChargedHiggsAnalysisV3/TriLepton/plots/Run2/ZFake1E2Mu/Central/n
onprompt_eta.png Graphic file (type png)
<use external/ChargedHiggsAnalysisV3/TriLepton/plots/Run2/ZFake1E2Mu/Central/no
nprompt_eta.png>
Package pdftex.def Info: external/ChargedHiggsAnalysisV3/TriLepton/plots/Run2/Z
Fake1E2Mu/Central/nonprompt_eta.png  used on input line 479.
(pdftex.def)             Requested size: 97.64778pt x 105.22072pt.
<external/ChargedHiggsAnalysisV3/TriLepton/plots/Run3/ZFake1E2Mu/Central/ZCand_
mass.png, id=2621, 698.61pt x 752.8125pt>
File: external/ChargedHiggsAnalysisV3/TriLepton/plots/Run3/ZFake1E2Mu/Central/Z
Cand_mass.png Graphic file (type png)
<use external/ChargedHiggsAnalysisV3/TriLepton/plots/Run3/ZFake1E2Mu/Central/ZC
and_mass.png>
Package pdftex.def Info: external/ChargedHiggsAnalysisV3/TriLepton/plots/Run3/Z
Fake1E2Mu/Central/ZCand_mass.png  used on input line 480.
(pdftex.def)             Requested size: 97.64778pt x 105.22072pt.
<external/ChargedHiggsAnalysisV3/TriLepton/plots/Run3/ZFake1E2Mu/Central/nonpro
mpt_pt.png, id=2622, 698.61pt x 752.8125pt>
File: external/ChargedHiggsAnalysisV3/TriLepton/plots/Run3/ZFake1E2Mu/Central/n
onprompt_pt.png Graphic file (type png)
<use external/ChargedHiggsAnalysisV3/TriLepton/plots/Run3/ZFake1E2Mu/Central/no
nprompt_pt.png>
Package pdftex.def Info: external/ChargedHiggsAnalysisV3/TriLepton/plots/Run3/Z
Fake1E2Mu/Central/nonprompt_pt.png  used on input line 481.
(pdftex.def)             Requested size: 97.64778pt x 105.22072pt.
<external/ChargedHiggsAnalysisV3/TriLepton/plots/Run3/ZFake1E2Mu/Central/nonpro
mpt_eta.png, id=2623, 698.61pt x 752.8125pt>
File: external/ChargedHiggsAnalysisV3/TriLepton/plots/Run3/ZFake1E2Mu/Central/n
onprompt_eta.png Graphic file (type png)
<use external/ChargedHiggsAnalysisV3/TriLepton/plots/Run3/ZFake1E2Mu/Central/no
nprompt_eta.png>
Package pdftex.def Info: external/ChargedHiggsAnalysisV3/TriLepton/plots/Run3/Z
Fake1E2Mu/Central/nonprompt_eta.png  used on input line 482.
(pdftex.def)             Requested size: 97.64778pt x 105.22072pt.
<external/ChargedHiggsAnalysisV3/TriLepton/plots/Run2/ZFake3Mu/Central/ZCand_ma
ss.png, id=2624, 698.61pt x 752.8125pt>
File: external/ChargedHiggsAnalysisV3/TriLepton/plots/Run2/ZFake3Mu/Central/ZCa
nd_mass.png Graphic file (type png)
<use external/ChargedHiggsAnalysisV3/TriLepton/plots/Run2/ZFake3Mu/Central/ZCan
d_mass.png>
Package pdftex.def Info: external/ChargedHiggsAnalysisV3/TriLepton/plots/Run2/Z
Fake3Mu/Central/ZCand_mass.png  used on input line 483.
(pdftex.def)             Requested size: 97.64778pt x 105.22072pt.
<external/ChargedHiggsAnalysisV3/TriLepton/plots/Run2/ZFake3Mu/Central/nonpromp
t_pt.png, id=2625, 698.61pt x 752.8125pt>
File: external/ChargedHiggsAnalysisV3/TriLepton/plots/Run2/ZFake3Mu/Central/non
prompt_pt.png Graphic file (type png)
<use external/ChargedHiggsAnalysisV3/TriLepton/plots/Run2/ZFake3Mu/Central/nonp
rompt_pt.png>
Package pdftex.def Info: external/ChargedHiggsAnalysisV3/TriLepton/plots/Run2/Z
Fake3Mu/Central/nonprompt_pt.png  used on input line 484.
(pdftex.def)             Requested size: 97.64778pt x 105.22072pt.
<external/ChargedHiggsAnalysisV3/TriLepton/plots/Run2/ZFake3Mu/Central/nonpromp
t_eta.png, id=2626, 698.61pt x 752.8125pt>
File: external/ChargedHiggsAnalysisV3/TriLepton/plots/Run2/ZFake3Mu/Central/non
prompt_eta.png Graphic file (type png)
<use external/ChargedHiggsAnalysisV3/TriLepton/plots/Run2/ZFake3Mu/Central/nonp
rompt_eta.png>
Package pdftex.def Info: external/ChargedHiggsAnalysisV3/TriLepton/plots/Run2/Z
Fake3Mu/Central/nonprompt_eta.png  used on input line 485.
(pdftex.def)             Requested size: 97.64778pt x 105.22072pt.
<external/ChargedHiggsAnalysisV3/TriLepton/plots/Run3/ZFake3Mu/Central/ZCand_ma
ss.png, id=2627, 698.61pt x 752.8125pt>
File: external/ChargedHiggsAnalysisV3/TriLepton/plots/Run3/ZFake3Mu/Central/ZCa
nd_mass.png Graphic file (type png)
<use external/ChargedHiggsAnalysisV3/TriLepton/plots/Run3/ZFake3Mu/Central/ZCan
d_mass.png>
Package pdftex.def Info: external/ChargedHiggsAnalysisV3/TriLepton/plots/Run3/Z
Fake3Mu/Central/ZCand_mass.png  used on input line 486.
(pdftex.def)             Requested size: 97.64778pt x 105.22072pt.
<external/ChargedHiggsAnalysisV3/TriLepton/plots/Run3/ZFake3Mu/Central/nonpromp
t_pt.png, id=2628, 698.61pt x 752.8125pt>
File: external/ChargedHiggsAnalysisV3/TriLepton/plots/Run3/ZFake3Mu/Central/non
prompt_pt.png Graphic file (type png)
<use external/ChargedHiggsAnalysisV3/TriLepton/plots/Run3/ZFake3Mu/Central/nonp
rompt_pt.png>
Package pdftex.def Info: external/ChargedHiggsAnalysisV3/TriLepton/plots/Run3/Z
Fake3Mu/Central/nonprompt_pt.png  used on input line 487.
(pdftex.def)             Requested size: 97.64778pt x 105.22072pt.
<external/ChargedHiggsAnalysisV3/TriLepton/plots/Run3/ZFake3Mu/Central/nonpromp
t_eta.png, id=2629, 698.61pt x 752.8125pt>
File: external/ChargedHiggsAnalysisV3/TriLepton/plots/Run3/ZFake3Mu/Central/non
prompt_eta.png Graphic file (type png)
<use external/ChargedHiggsAnalysisV3/TriLepton/plots/Run3/ZFake3Mu/Central/nonp
rompt_eta.png>
Package pdftex.def Info: external/ChargedHiggsAnalysisV3/TriLepton/plots/Run3/Z
Fake3Mu/Central/nonprompt_eta.png  used on input line 488.
(pdftex.def)             Requested size: 97.64778pt x 105.22072pt.

Overfull \hbox (5.61742pt too wide) in paragraph at lines 496--497
\OT1/cmr/m/n/10.95 to-simulation nor-mal-iza-tion ra-tio in the $[]\OML/cmm/m/i
t/10.95 ^^M$ \OT1/cmr/m/n/10.95 con-trol re-gion de-fined in Sec-tion []5.2.2[]
,
 []

[120] [121 <./external/ChargedHiggsAnalysisV3/MeasFakeRateV4/plots/Run2/Run1E2M
u/Central/closure_pair_mass.png> <./external/ChargedHiggsAnalysisV3/MeasFakeRat
eV4/plots/Run2/Run1E2Mu/Central/closure_nonprompt_pt.png> <./external/ChargedHi
ggsAnalysisV3/MeasFakeRateV4/plots/Run2/Run1E2Mu/Central/closure_nonprompt_eta.
png> <./external/ChargedHiggsAnalysisV3/MeasFakeRateV4/plots/Run2/Run3Mu/Centra
l/closure_pair_lowm_mass.png> <./external/ChargedHiggsAnalysisV3/MeasFakeRateV4
/plots/Run2/Run3Mu/Central/closure_pair_highm_mass.png> <./external/ChargedHigg
sAnalysisV3/MeasFakeRateV4/plots/Run2/Run3Mu/Central/closure_nonprompt_pt.png> 
<./external/ChargedHiggsAnalysisV3/MeasFakeRateV4/plots/Run3/Run1E2Mu/Central/c
losure_pair_mass.png> <./external/ChargedHiggsAnalysisV3/MeasFakeRateV4/plots/R
un3/Run1E2Mu/Central/closure_nonprompt_pt.png> <./external/ChargedHiggsAnalysis
V3/MeasFakeRateV4/plots/Run3/Run1E2Mu/Central/closure_nonprompt_eta.png> <./ext
ernal/ChargedHiggsAnalysisV3/MeasFakeRateV4/plots/Run3/Run3Mu/Central/closure_p
air_lowm_mass.png> <./external/ChargedHiggsAnalysisV3/MeasFakeRateV4/plots/Run3
/Run3Mu/Central/closure_pair_highm_mass.png> <./external/ChargedHiggsAnalysisV3
/MeasFakeRateV4/plots/Run3/Run3Mu/Central/closure_nonprompt_pt.png>] [122 <./ex
ternal/ChargedHiggsAnalysisV3/TriLepton/plots/Run2/ZFake1E2Mu/Central/ZCand_mas
s.png> <./external/ChargedHiggsAnalysisV3/TriLepton/plots/Run2/ZFake1E2Mu/Centr
al/nonprompt_pt.png> <./external/ChargedHiggsAnalysisV3/TriLepton/plots/Run2/ZF
ake1E2Mu/Central/nonprompt_eta.png> <./external/ChargedHiggsAnalysisV3/TriLepto
n/plots/Run3/ZFake1E2Mu/Central/ZCand_mass.png> <./external/ChargedHiggsAnalysi
sV3/TriLepton/plots/Run3/ZFake1E2Mu/Central/nonprompt_pt.png> <./external/Charg
edHiggsAnalysisV3/TriLepton/plots/Run3/ZFake1E2Mu/Central/nonprompt_eta.png> <.
/external/ChargedHiggsAnalysisV3/TriLepton/plots/Run2/ZFake3Mu/Central/ZCand_ma
ss.png> <./external/ChargedHiggsAnalysisV3/TriLepton/plots/Run2/ZFake3Mu/Centra
l/nonprompt_pt.png> <./external/ChargedHiggsAnalysisV3/TriLepton/plots/Run2/ZFa
ke3Mu/Central/nonprompt_eta.png> <./external/ChargedHiggsAnalysisV3/TriLepton/p
lots/Run3/ZFake3Mu/Central/ZCand_mass.png> <./external/ChargedHiggsAnalysisV3/T
riLepton/plots/Run3/ZFake3Mu/Central/nonprompt_pt.png> <./external/ChargedHiggs
AnalysisV3/TriLepton/plots/Run3/ZFake3Mu/Central/nonprompt_eta.png>]
Overfull \hbox (25.30377pt too wide) in paragraph at lines 500--529
 [][] 
 []

<external/ChargedHiggsAnalysisV3/TriLepton/plots/Run2/ZG1E2Mu/NoConvSF/ZCand_ma
ss.png, id=2672, 698.61pt x 752.8125pt>
File: external/ChargedHiggsAnalysisV3/TriLepton/plots/Run2/ZG1E2Mu/NoConvSF/ZCa
nd_mass.png Graphic file (type png)
<use external/ChargedHiggsAnalysisV3/TriLepton/plots/Run2/ZG1E2Mu/NoConvSF/ZCan
d_mass.png>
Package pdftex.def Info: external/ChargedHiggsAnalysisV3/TriLepton/plots/Run2/Z
G1E2Mu/NoConvSF/ZCand_mass.png  used on input line 537.
(pdftex.def)             Requested size: 97.64778pt x 105.22072pt.
<external/ChargedHiggsAnalysisV3/TriLepton/plots/Run2/ZG1E2Mu/NoConvSF/convLep_
pt.png, id=2673, 698.61pt x 752.8125pt>
File: external/ChargedHiggsAnalysisV3/TriLepton/plots/Run2/ZG1E2Mu/NoConvSF/con
vLep_pt.png Graphic file (type png)
<use external/ChargedHiggsAnalysisV3/TriLepton/plots/Run2/ZG1E2Mu/NoConvSF/conv
Lep_pt.png>
Package pdftex.def Info: external/ChargedHiggsAnalysisV3/TriLepton/plots/Run2/Z
G1E2Mu/NoConvSF/convLep_pt.png  used on input line 538.
(pdftex.def)             Requested size: 97.64778pt x 105.22072pt.
<external/ChargedHiggsAnalysisV3/TriLepton/plots/Run2/ZG1E2Mu/NoConvSF/convLep_
eta.png, id=2674, 698.61pt x 752.8125pt>
File: external/ChargedHiggsAnalysisV3/TriLepton/plots/Run2/ZG1E2Mu/NoConvSF/con
vLep_eta.png Graphic file (type png)
<use external/ChargedHiggsAnalysisV3/TriLepton/plots/Run2/ZG1E2Mu/NoConvSF/conv
Lep_eta.png>
Package pdftex.def Info: external/ChargedHiggsAnalysisV3/TriLepton/plots/Run2/Z
G1E2Mu/NoConvSF/convLep_eta.png  used on input line 539.
(pdftex.def)             Requested size: 97.64778pt x 105.22072pt.
<external/ChargedHiggsAnalysisV3/TriLepton/plots/Run2/ZG1E2Mu/Central/ZCand_mas
s.png, id=2675, 698.61pt x 752.8125pt>
File: external/ChargedHiggsAnalysisV3/TriLepton/plots/Run2/ZG1E2Mu/Central/ZCan
d_mass.png Graphic file (type png)
<use external/ChargedHiggsAnalysisV3/TriLepton/plots/Run2/ZG1E2Mu/Central/ZCand
_mass.png>
Package pdftex.def Info: external/ChargedHiggsAnalysisV3/TriLepton/plots/Run2/Z
G1E2Mu/Central/ZCand_mass.png  used on input line 540.
(pdftex.def)             Requested size: 97.64778pt x 105.22072pt.
<external/ChargedHiggsAnalysisV3/TriLepton/plots/Run2/ZG1E2Mu/Central/convLep_p
t.png, id=2676, 698.61pt x 752.8125pt>
File: external/ChargedHiggsAnalysisV3/TriLepton/plots/Run2/ZG1E2Mu/Central/conv
Lep_pt.png Graphic file (type png)
<use external/ChargedHiggsAnalysisV3/TriLepton/plots/Run2/ZG1E2Mu/Central/convL
ep_pt.png>
Package pdftex.def Info: external/ChargedHiggsAnalysisV3/TriLepton/plots/Run2/Z
G1E2Mu/Central/convLep_pt.png  used on input line 541.
(pdftex.def)             Requested size: 97.64778pt x 105.22072pt.
<external/ChargedHiggsAnalysisV3/TriLepton/plots/Run2/ZG1E2Mu/Central/convLep_e
ta.png, id=2677, 698.61pt x 752.8125pt>
File: external/ChargedHiggsAnalysisV3/TriLepton/plots/Run2/ZG1E2Mu/Central/conv
Lep_eta.png Graphic file (type png)
<use external/ChargedHiggsAnalysisV3/TriLepton/plots/Run2/ZG1E2Mu/Central/convL
ep_eta.png>
Package pdftex.def Info: external/ChargedHiggsAnalysisV3/TriLepton/plots/Run2/Z
G1E2Mu/Central/convLep_eta.png  used on input line 542.
(pdftex.def)             Requested size: 97.64778pt x 105.22072pt.
<external/ChargedHiggsAnalysisV3/TriLepton/plots/Run3/ZG1E2Mu/NoConvSF/ZCand_ma
ss.png, id=2678, 698.61pt x 752.8125pt>
File: external/ChargedHiggsAnalysisV3/TriLepton/plots/Run3/ZG1E2Mu/NoConvSF/ZCa
nd_mass.png Graphic file (type png)
<use external/ChargedHiggsAnalysisV3/TriLepton/plots/Run3/ZG1E2Mu/NoConvSF/ZCan
d_mass.png>
Package pdftex.def Info: external/ChargedHiggsAnalysisV3/TriLepton/plots/Run3/Z
G1E2Mu/NoConvSF/ZCand_mass.png  used on input line 543.
(pdftex.def)             Requested size: 97.64778pt x 105.22072pt.
<external/ChargedHiggsAnalysisV3/TriLepton/plots/Run3/ZG1E2Mu/NoConvSF/convLep_
pt.png, id=2679, 698.61pt x 752.8125pt>
File: external/ChargedHiggsAnalysisV3/TriLepton/plots/Run3/ZG1E2Mu/NoConvSF/con
vLep_pt.png Graphic file (type png)
<use external/ChargedHiggsAnalysisV3/TriLepton/plots/Run3/ZG1E2Mu/NoConvSF/conv
Lep_pt.png>
Package pdftex.def Info: external/ChargedHiggsAnalysisV3/TriLepton/plots/Run3/Z
G1E2Mu/NoConvSF/convLep_pt.png  used on input line 544.
(pdftex.def)             Requested size: 97.64778pt x 105.22072pt.
<external/ChargedHiggsAnalysisV3/TriLepton/plots/Run3/ZG1E2Mu/NoConvSF/convLep_
eta.png, id=2680, 698.61pt x 752.8125pt>
File: external/ChargedHiggsAnalysisV3/TriLepton/plots/Run3/ZG1E2Mu/NoConvSF/con
vLep_eta.png Graphic file (type png)
<use external/ChargedHiggsAnalysisV3/TriLepton/plots/Run3/ZG1E2Mu/NoConvSF/conv
Lep_eta.png>
Package pdftex.def Info: external/ChargedHiggsAnalysisV3/TriLepton/plots/Run3/Z
G1E2Mu/NoConvSF/convLep_eta.png  used on input line 545.
(pdftex.def)             Requested size: 97.64778pt x 105.22072pt.
<external/ChargedHiggsAnalysisV3/TriLepton/plots/Run3/ZG1E2Mu/Central/ZCand_mas
s.png, id=2681, 698.61pt x 752.8125pt>
File: external/ChargedHiggsAnalysisV3/TriLepton/plots/Run3/ZG1E2Mu/Central/ZCan
d_mass.png Graphic file (type png)
<use external/ChargedHiggsAnalysisV3/TriLepton/plots/Run3/ZG1E2Mu/Central/ZCand
_mass.png>
Package pdftex.def Info: external/ChargedHiggsAnalysisV3/TriLepton/plots/Run3/Z
G1E2Mu/Central/ZCand_mass.png  used on input line 546.
(pdftex.def)             Requested size: 97.64778pt x 105.22072pt.
<external/ChargedHiggsAnalysisV3/TriLepton/plots/Run3/ZG1E2Mu/Central/convLep_p
t.png, id=2682, 698.61pt x 752.8125pt>
File: external/ChargedHiggsAnalysisV3/TriLepton/plots/Run3/ZG1E2Mu/Central/conv
Lep_pt.png Graphic file (type png)
<use external/ChargedHiggsAnalysisV3/TriLepton/plots/Run3/ZG1E2Mu/Central/convL
ep_pt.png>
Package pdftex.def Info: external/ChargedHiggsAnalysisV3/TriLepton/plots/Run3/Z
G1E2Mu/Central/convLep_pt.png  used on input line 547.
(pdftex.def)             Requested size: 97.64778pt x 105.22072pt.
<external/ChargedHiggsAnalysisV3/TriLepton/plots/Run3/ZG1E2Mu/Central/convLep_e
ta.png, id=2683, 698.61pt x 752.8125pt>
File: external/ChargedHiggsAnalysisV3/TriLepton/plots/Run3/ZG1E2Mu/Central/conv
Lep_eta.png Graphic file (type png)
<use external/ChargedHiggsAnalysisV3/TriLepton/plots/Run3/ZG1E2Mu/Central/convL
ep_eta.png>
Package pdftex.def Info: external/ChargedHiggsAnalysisV3/TriLepton/plots/Run3/Z
G1E2Mu/Central/convLep_eta.png  used on input line 548.
(pdftex.def)             Requested size: 97.64778pt x 105.22072pt.
<external/ChargedHiggsAnalysisV3/TriLepton/plots/Run2/ZG3Mu/NoConvSF/ZCand_mass
.png, id=2684, 698.61pt x 752.8125pt>
File: external/ChargedHiggsAnalysisV3/TriLepton/plots/Run2/ZG3Mu/NoConvSF/ZCand
_mass.png Graphic file (type png)
<use external/ChargedHiggsAnalysisV3/TriLepton/plots/Run2/ZG3Mu/NoConvSF/ZCand_
mass.png>
Package pdftex.def Info: external/ChargedHiggsAnalysisV3/TriLepton/plots/Run2/Z
G3Mu/NoConvSF/ZCand_mass.png  used on input line 555.
(pdftex.def)             Requested size: 97.64778pt x 105.22072pt.
<external/ChargedHiggsAnalysisV3/TriLepton/plots/Run2/ZG3Mu/NoConvSF/convLep_pt
.png, id=2685, 698.61pt x 752.8125pt>
File: external/ChargedHiggsAnalysisV3/TriLepton/plots/Run2/ZG3Mu/NoConvSF/convL
ep_pt.png Graphic file (type png)
<use external/ChargedHiggsAnalysisV3/TriLepton/plots/Run2/ZG3Mu/NoConvSF/convLe
p_pt.png>
Package pdftex.def Info: external/ChargedHiggsAnalysisV3/TriLepton/plots/Run2/Z
G3Mu/NoConvSF/convLep_pt.png  used on input line 556.
(pdftex.def)             Requested size: 97.64778pt x 105.22072pt.
<external/ChargedHiggsAnalysisV3/TriLepton/plots/Run2/ZG3Mu/NoConvSF/convLep_et
a.png, id=2686, 698.61pt x 752.8125pt>
File: external/ChargedHiggsAnalysisV3/TriLepton/plots/Run2/ZG3Mu/NoConvSF/convL
ep_eta.png Graphic file (type png)
<use external/ChargedHiggsAnalysisV3/TriLepton/plots/Run2/ZG3Mu/NoConvSF/convLe
p_eta.png>
Package pdftex.def Info: external/ChargedHiggsAnalysisV3/TriLepton/plots/Run2/Z
G3Mu/NoConvSF/convLep_eta.png  used on input line 557.
(pdftex.def)             Requested size: 97.64778pt x 105.22072pt.
<external/ChargedHiggsAnalysisV3/TriLepton/plots/Run2/ZG3Mu/Central/ZCand_mass.
png, id=2687, 698.61pt x 752.8125pt>
File: external/ChargedHiggsAnalysisV3/TriLepton/plots/Run2/ZG3Mu/Central/ZCand_
mass.png Graphic file (type png)
<use external/ChargedHiggsAnalysisV3/TriLepton/plots/Run2/ZG3Mu/Central/ZCand_m
ass.png>
Package pdftex.def Info: external/ChargedHiggsAnalysisV3/TriLepton/plots/Run2/Z
G3Mu/Central/ZCand_mass.png  used on input line 558.
(pdftex.def)             Requested size: 97.64778pt x 105.22072pt.
<external/ChargedHiggsAnalysisV3/TriLepton/plots/Run2/ZG3Mu/Central/convLep_pt.
png, id=2688, 698.61pt x 752.8125pt>
File: external/ChargedHiggsAnalysisV3/TriLepton/plots/Run2/ZG3Mu/Central/convLe
p_pt.png Graphic file (type png)
<use external/ChargedHiggsAnalysisV3/TriLepton/plots/Run2/ZG3Mu/Central/convLep
_pt.png>
Package pdftex.def Info: external/ChargedHiggsAnalysisV3/TriLepton/plots/Run2/Z
G3Mu/Central/convLep_pt.png  used on input line 559.
(pdftex.def)             Requested size: 97.64778pt x 105.22072pt.
<external/ChargedHiggsAnalysisV3/TriLepton/plots/Run2/ZG3Mu/Central/convLep_eta
.png, id=2689, 698.61pt x 752.8125pt>
File: external/ChargedHiggsAnalysisV3/TriLepton/plots/Run2/ZG3Mu/Central/convLe
p_eta.png Graphic file (type png)
<use external/ChargedHiggsAnalysisV3/TriLepton/plots/Run2/ZG3Mu/Central/convLep
_eta.png>
Package pdftex.def Info: external/ChargedHiggsAnalysisV3/TriLepton/plots/Run2/Z
G3Mu/Central/convLep_eta.png  used on input line 560.
(pdftex.def)             Requested size: 97.64778pt x 105.22072pt.
<external/ChargedHiggsAnalysisV3/TriLepton/plots/Run3/ZG3Mu/NoConvSF/ZCand_mass
.png, id=2690, 698.61pt x 752.8125pt>
File: external/ChargedHiggsAnalysisV3/TriLepton/plots/Run3/ZG3Mu/NoConvSF/ZCand
_mass.png Graphic file (type png)
<use external/ChargedHiggsAnalysisV3/TriLepton/plots/Run3/ZG3Mu/NoConvSF/ZCand_
mass.png>
Package pdftex.def Info: external/ChargedHiggsAnalysisV3/TriLepton/plots/Run3/Z
G3Mu/NoConvSF/ZCand_mass.png  used on input line 561.
(pdftex.def)             Requested size: 97.64778pt x 105.22072pt.
<external/ChargedHiggsAnalysisV3/TriLepton/plots/Run3/ZG3Mu/NoConvSF/convLep_pt
.png, id=2691, 698.61pt x 752.8125pt>
File: external/ChargedHiggsAnalysisV3/TriLepton/plots/Run3/ZG3Mu/NoConvSF/convL
ep_pt.png Graphic file (type png)
<use external/ChargedHiggsAnalysisV3/TriLepton/plots/Run3/ZG3Mu/NoConvSF/convLe
p_pt.png>
Package pdftex.def Info: external/ChargedHiggsAnalysisV3/TriLepton/plots/Run3/Z
G3Mu/NoConvSF/convLep_pt.png  used on input line 562.
(pdftex.def)             Requested size: 97.64778pt x 105.22072pt.
<external/ChargedHiggsAnalysisV3/TriLepton/plots/Run3/ZG3Mu/NoConvSF/convLep_et
a.png, id=2692, 698.61pt x 752.8125pt>
File: external/ChargedHiggsAnalysisV3/TriLepton/plots/Run3/ZG3Mu/NoConvSF/convL
ep_eta.png Graphic file (type png)
<use external/ChargedHiggsAnalysisV3/TriLepton/plots/Run3/ZG3Mu/NoConvSF/convLe
p_eta.png>
Package pdftex.def Info: external/ChargedHiggsAnalysisV3/TriLepton/plots/Run3/Z
G3Mu/NoConvSF/convLep_eta.png  used on input line 563.
(pdftex.def)             Requested size: 97.64778pt x 105.22072pt.
<external/ChargedHiggsAnalysisV3/TriLepton/plots/Run3/ZG3Mu/Central/ZCand_mass.
png, id=2693, 698.61pt x 752.8125pt>
File: external/ChargedHiggsAnalysisV3/TriLepton/plots/Run3/ZG3Mu/Central/ZCand_
mass.png Graphic file (type png)
<use external/ChargedHiggsAnalysisV3/TriLepton/plots/Run3/ZG3Mu/Central/ZCand_m
ass.png>
Package pdftex.def Info: external/ChargedHiggsAnalysisV3/TriLepton/plots/Run3/Z
G3Mu/Central/ZCand_mass.png  used on input line 564.
(pdftex.def)             Requested size: 97.64778pt x 105.22072pt.
<external/ChargedHiggsAnalysisV3/TriLepton/plots/Run3/ZG3Mu/Central/convLep_pt.
png, id=2694, 698.61pt x 752.8125pt>
File: external/ChargedHiggsAnalysisV3/TriLepton/plots/Run3/ZG3Mu/Central/convLe
p_pt.png Graphic file (type png)
<use external/ChargedHiggsAnalysisV3/TriLepton/plots/Run3/ZG3Mu/Central/convLep
_pt.png>
Package pdftex.def Info: external/ChargedHiggsAnalysisV3/TriLepton/plots/Run3/Z
G3Mu/Central/convLep_pt.png  used on input line 565.
(pdftex.def)             Requested size: 97.64778pt x 105.22072pt.
<external/ChargedHiggsAnalysisV3/TriLepton/plots/Run3/ZG3Mu/Central/convLep_eta
.png, id=2695, 698.61pt x 752.8125pt>
File: external/ChargedHiggsAnalysisV3/TriLepton/plots/Run3/ZG3Mu/Central/convLe
p_eta.png Graphic file (type png)
<use external/ChargedHiggsAnalysisV3/TriLepton/plots/Run3/ZG3Mu/Central/convLep
_eta.png>
Package pdftex.def Info: external/ChargedHiggsAnalysisV3/TriLepton/plots/Run3/Z
G3Mu/Central/convLep_eta.png  used on input line 566.
(pdftex.def)             Requested size: 97.64778pt x 105.22072pt.
[123] [124 <./external/ChargedHiggsAnalysisV3/TriLepton/plots/Run2/ZG1E2Mu/NoCo
nvSF/ZCand_mass.png> <./external/ChargedHiggsAnalysisV3/TriLepton/plots/Run2/ZG
1E2Mu/NoConvSF/convLep_pt.png> <./external/ChargedHiggsAnalysisV3/TriLepton/plo
ts/Run2/ZG1E2Mu/NoConvSF/convLep_eta.png> <./external/ChargedHiggsAnalysisV3/Tr
iLepton/plots/Run2/ZG1E2Mu/Central/ZCand_mass.png> <./external/ChargedHiggsAnal
ysisV3/TriLepton/plots/Run2/ZG1E2Mu/Central/convLep_pt.png> <./external/Charged
HiggsAnalysisV3/TriLepton/plots/Run2/ZG1E2Mu/Central/convLep_eta.png> <./extern
al/ChargedHiggsAnalysisV3/TriLepton/plots/Run3/ZG1E2Mu/NoConvSF/ZCand_mass.png>
 <./external/ChargedHiggsAnalysisV3/TriLepton/plots/Run3/ZG1E2Mu/NoConvSF/convL
ep_pt.png> <./external/ChargedHiggsAnalysisV3/TriLepton/plots/Run3/ZG1E2Mu/NoCo
nvSF/convLep_eta.png> <./external/ChargedHiggsAnalysisV3/TriLepton/plots/Run3/Z
G1E2Mu/Central/ZCand_mass.png> <./external/ChargedHiggsAnalysisV3/TriLepton/plo
ts/Run3/ZG1E2Mu/Central/convLep_pt.png> <./external/ChargedHiggsAnalysisV3/TriL
epton/plots/Run3/ZG1E2Mu/Central/convLep_eta.png>] [125 <./external/ChargedHigg
sAnalysisV3/TriLepton/plots/Run2/ZG3Mu/NoConvSF/ZCand_mass.png> <./external/Cha
rgedHiggsAnalysisV3/TriLepton/plots/Run2/ZG3Mu/NoConvSF/convLep_pt.png> <./exte
rnal/ChargedHiggsAnalysisV3/TriLepton/plots/Run2/ZG3Mu/NoConvSF/convLep_eta.png
> <./external/ChargedHiggsAnalysisV3/TriLepton/plots/Run2/ZG3Mu/Central/ZCand_m
ass.png> <./external/ChargedHiggsAnalysisV3/TriLepton/plots/Run2/ZG3Mu/Central/
convLep_pt.png> <./external/ChargedHiggsAnalysisV3/TriLepton/plots/Run2/ZG3Mu/C
entral/convLep_eta.png> <./external/ChargedHiggsAnalysisV3/TriLepton/plots/Run3
/ZG3Mu/NoConvSF/ZCand_mass.png> <./external/ChargedHiggsAnalysisV3/TriLepton/pl
ots/Run3/ZG3Mu/NoConvSF/convLep_pt.png> <./external/ChargedHiggsAnalysisV3/TriL
epton/plots/Run3/ZG3Mu/NoConvSF/convLep_eta.png> <./external/ChargedHiggsAnalys
isV3/TriLepton/plots/Run3/ZG3Mu/Central/ZCand_mass.png> <./external/ChargedHigg
sAnalysisV3/TriLepton/plots/Run3/ZG3Mu/Central/convLep_pt.png> <./external/Char
gedHiggsAnalysisV3/TriLepton/plots/Run3/ZG3Mu/Central/convLep_eta.png>]
[126]
<external/ChargedHiggsAnalysisV3/TriLepton/plots/Run3/WZ1E2Mu/NoWZSF/ZCand_mass
.png, id=2741, 698.61pt x 752.8125pt>
File: external/ChargedHiggsAnalysisV3/TriLepton/plots/Run3/WZ1E2Mu/NoWZSF/ZCand
_mass.png Graphic file (type png)
<use external/ChargedHiggsAnalysisV3/TriLepton/plots/Run3/WZ1E2Mu/NoWZSF/ZCand_
mass.png>
Package pdftex.def Info: external/ChargedHiggsAnalysisV3/TriLepton/plots/Run3/W
Z1E2Mu/NoWZSF/ZCand_mass.png  used on input line 596.
(pdftex.def)             Requested size: 97.64778pt x 105.22072pt.
<external/ChargedHiggsAnalysisV3/TriLepton/plots/Run3/WZ1E2Mu/NoWZSF/jets_1_pt.
png, id=2742, 698.61pt x 752.8125pt>
File: external/ChargedHiggsAnalysisV3/TriLepton/plots/Run3/WZ1E2Mu/NoWZSF/jets_
1_pt.png Graphic file (type png)
<use external/ChargedHiggsAnalysisV3/TriLepton/plots/Run3/WZ1E2Mu/NoWZSF/jets_1
_pt.png>
Package pdftex.def Info: external/ChargedHiggsAnalysisV3/TriLepton/plots/Run3/W
Z1E2Mu/NoWZSF/jets_1_pt.png  used on input line 597.
(pdftex.def)             Requested size: 97.64778pt x 105.22072pt.
<external/ChargedHiggsAnalysisV3/TriLepton/plots/Run3/WZ1E2Mu/NoWZSF/jets_size.
png, id=2743, 698.61pt x 752.8125pt>
File: external/ChargedHiggsAnalysisV3/TriLepton/plots/Run3/WZ1E2Mu/NoWZSF/jets_
size.png Graphic file (type png)
<use external/ChargedHiggsAnalysisV3/TriLepton/plots/Run3/WZ1E2Mu/NoWZSF/jets_s
ize.png>
Package pdftex.def Info: external/ChargedHiggsAnalysisV3/TriLepton/plots/Run3/W
Z1E2Mu/NoWZSF/jets_size.png  used on input line 598.
(pdftex.def)             Requested size: 97.64778pt x 105.22072pt.
<external/ChargedHiggsAnalysisV3/TriLepton/plots/Run3/WZ1E2Mu/Central/ZCand_mas
s.png, id=2744, 698.61pt x 752.8125pt>
File: external/ChargedHiggsAnalysisV3/TriLepton/plots/Run3/WZ1E2Mu/Central/ZCan
d_mass.png Graphic file (type png)
<use external/ChargedHiggsAnalysisV3/TriLepton/plots/Run3/WZ1E2Mu/Central/ZCand
_mass.png>
Package pdftex.def Info: external/ChargedHiggsAnalysisV3/TriLepton/plots/Run3/W
Z1E2Mu/Central/ZCand_mass.png  used on input line 599.
(pdftex.def)             Requested size: 97.64778pt x 105.22072pt.
<external/ChargedHiggsAnalysisV3/TriLepton/plots/Run3/WZ1E2Mu/Central/jets_1_pt
.png, id=2745, 698.61pt x 752.8125pt>
File: external/ChargedHiggsAnalysisV3/TriLepton/plots/Run3/WZ1E2Mu/Central/jets
_1_pt.png Graphic file (type png)
<use external/ChargedHiggsAnalysisV3/TriLepton/plots/Run3/WZ1E2Mu/Central/jets_
1_pt.png>
Package pdftex.def Info: external/ChargedHiggsAnalysisV3/TriLepton/plots/Run3/W
Z1E2Mu/Central/jets_1_pt.png  used on input line 600.
(pdftex.def)             Requested size: 97.64778pt x 105.22072pt.
<external/ChargedHiggsAnalysisV3/TriLepton/plots/Run3/WZ1E2Mu/Central/jets_size
.png, id=2746, 698.61pt x 752.8125pt>
File: external/ChargedHiggsAnalysisV3/TriLepton/plots/Run3/WZ1E2Mu/Central/jets
_size.png Graphic file (type png)
<use external/ChargedHiggsAnalysisV3/TriLepton/plots/Run3/WZ1E2Mu/Central/jets_
size.png>
Package pdftex.def Info: external/ChargedHiggsAnalysisV3/TriLepton/plots/Run3/W
Z1E2Mu/Central/jets_size.png  used on input line 601.
(pdftex.def)             Requested size: 97.64778pt x 105.22072pt.
<external/ChargedHiggsAnalysisV3/TriLepton/plots/Run3/WZ3Mu/NoWZSF/ZCand_mass.p
ng, id=2747, 698.61pt x 752.8125pt>
File: external/ChargedHiggsAnalysisV3/TriLepton/plots/Run3/WZ3Mu/NoWZSF/ZCand_m
ass.png Graphic file (type png)
<use external/ChargedHiggsAnalysisV3/TriLepton/plots/Run3/WZ3Mu/NoWZSF/ZCand_ma
ss.png>
Package pdftex.def Info: external/ChargedHiggsAnalysisV3/TriLepton/plots/Run3/W
Z3Mu/NoWZSF/ZCand_mass.png  used on input line 602.
(pdftex.def)             Requested size: 97.64778pt x 105.22072pt.
<external/ChargedHiggsAnalysisV3/TriLepton/plots/Run3/WZ3Mu/NoWZSF/jets_1_pt.pn
g, id=2748, 698.61pt x 752.8125pt>
File: external/ChargedHiggsAnalysisV3/TriLepton/plots/Run3/WZ3Mu/NoWZSF/jets_1_
pt.png Graphic file (type png)
<use external/ChargedHiggsAnalysisV3/TriLepton/plots/Run3/WZ3Mu/NoWZSF/jets_1_p
t.png>
Package pdftex.def Info: external/ChargedHiggsAnalysisV3/TriLepton/plots/Run3/W
Z3Mu/NoWZSF/jets_1_pt.png  used on input line 603.
(pdftex.def)             Requested size: 97.64778pt x 105.22072pt.
<external/ChargedHiggsAnalysisV3/TriLepton/plots/Run3/WZ3Mu/NoWZSF/jets_size.pn
g, id=2749, 698.61pt x 752.8125pt>
File: external/ChargedHiggsAnalysisV3/TriLepton/plots/Run3/WZ3Mu/NoWZSF/jets_si
ze.png Graphic file (type png)
<use external/ChargedHiggsAnalysisV3/TriLepton/plots/Run3/WZ3Mu/NoWZSF/jets_siz
e.png>
Package pdftex.def Info: external/ChargedHiggsAnalysisV3/TriLepton/plots/Run3/W
Z3Mu/NoWZSF/jets_size.png  used on input line 604.
(pdftex.def)             Requested size: 97.64778pt x 105.22072pt.
<external/ChargedHiggsAnalysisV3/TriLepton/plots/Run3/WZ3Mu/Central/ZCand_mass.
png, id=2750, 698.61pt x 752.8125pt>
File: external/ChargedHiggsAnalysisV3/TriLepton/plots/Run3/WZ3Mu/Central/ZCand_
mass.png Graphic file (type png)
<use external/ChargedHiggsAnalysisV3/TriLepton/plots/Run3/WZ3Mu/Central/ZCand_m
ass.png>
Package pdftex.def Info: external/ChargedHiggsAnalysisV3/TriLepton/plots/Run3/W
Z3Mu/Central/ZCand_mass.png  used on input line 605.
(pdftex.def)             Requested size: 97.64778pt x 105.22072pt.
<external/ChargedHiggsAnalysisV3/TriLepton/plots/Run3/WZ3Mu/Central/jets_1_pt.p
ng, id=2751, 698.61pt x 752.8125pt>
File: external/ChargedHiggsAnalysisV3/TriLepton/plots/Run3/WZ3Mu/Central/jets_1
_pt.png Graphic file (type png)
<use external/ChargedHiggsAnalysisV3/TriLepton/plots/Run3/WZ3Mu/Central/jets_1_
pt.png>
Package pdftex.def Info: external/ChargedHiggsAnalysisV3/TriLepton/plots/Run3/W
Z3Mu/Central/jets_1_pt.png  used on input line 606.
(pdftex.def)             Requested size: 97.64778pt x 105.22072pt.
<external/ChargedHiggsAnalysisV3/TriLepton/plots/Run3/WZ3Mu/Central/jets_size.p
ng, id=2752, 698.61pt x 752.8125pt>
File: external/ChargedHiggsAnalysisV3/TriLepton/plots/Run3/WZ3Mu/Central/jets_s
ize.png Graphic file (type png)
<use external/ChargedHiggsAnalysisV3/TriLepton/plots/Run3/WZ3Mu/Central/jets_si
ze.png>
Package pdftex.def Info: external/ChargedHiggsAnalysisV3/TriLepton/plots/Run3/W
Z3Mu/Central/jets_size.png  used on input line 607.
(pdftex.def)             Requested size: 97.64778pt x 105.22072pt.
 [127] [128 <./external/ChargedHiggsAnalysisV3/TriLepton/plots/Run3/WZ1E2Mu/NoW
ZSF/ZCand_mass.png> <./external/ChargedHiggsAnalysisV3/TriLepton/plots/Run3/WZ1
E2Mu/NoWZSF/jets_1_pt.png> <./external/ChargedHiggsAnalysisV3/TriLepton/plots/R
un3/WZ1E2Mu/NoWZSF/jets_size.png> <./external/ChargedHiggsAnalysisV3/TriLepton/
plots/Run3/WZ1E2Mu/Central/ZCand_mass.png> <./external/ChargedHiggsAnalysisV3/T
riLepton/plots/Run3/WZ1E2Mu/Central/jets_1_pt.png> <./external/ChargedHiggsAnal
ysisV3/TriLepton/plots/Run3/WZ1E2Mu/Central/jets_size.png> <./external/ChargedH
iggsAnalysisV3/TriLepton/plots/Run3/WZ3Mu/NoWZSF/ZCand_mass.png> <./external/Ch
argedHiggsAnalysisV3/TriLepton/plots/Run3/WZ3Mu/NoWZSF/jets_1_pt.png> <./extern
al/ChargedHiggsAnalysisV3/TriLepton/plots/Run3/WZ3Mu/NoWZSF/jets_size.png> <./e
xternal/ChargedHiggsAnalysisV3/TriLepton/plots/Run3/WZ3Mu/Central/ZCand_mass.pn
g> <./external/ChargedHiggsAnalysisV3/TriLepton/plots/Run3/WZ3Mu/Central/jets_1
_pt.png> <./external/ChargedHiggsAnalysisV3/TriLepton/plots/Run3/WZ3Mu/Central/
jets_size.png>] [129] [130] [131] [132] [133]
Overfull \hbox (1.63821pt too wide) in paragraph at lines 752--787
 [][] 
 []

<external/ChargedHiggsAnalysisV3/SignalRegionStudyV3/templates/All/Combined/MHc
70_MA15/Baseline/extended_unblind/combine_output/impacts_obs/condor/impacts.pdf
, id=2848, 569.12625pt x 467.7475pt>
File: external/ChargedHiggsAnalysisV3/SignalRegionStudyV3/templates/All/Combine
d/MHc70_MA15/Baseline/extended_unblind/combine_output/impacts_obs/condor/impact
s.pdf Graphic file (type pdf)
<use external/ChargedHiggsAnalysisV3/SignalRegionStudyV3/templates/All/Combined
/MHc70_MA15/Baseline/extended_unblind/combine_output/impacts_obs/condor/impacts
.pdf>
Package pdftex.def Info: external/ChargedHiggsAnalysisV3/SignalRegionStudyV3/te
mplates/All/Combined/MHc70_MA15/Baseline/extended_unblind/combine_output/impact
s_obs/condor/impacts.pdf  used on input line 798.
(pdftex.def)             Requested size: 338.01643pt x 277.81717pt.
[134] [135]
<external/ChargedHiggsAnalysisV3/SignalRegionStudyV3/templates/All/Combined/MHc
100_MA60/Baseline/extended_unblind/combine_output/impacts_obs/condor/impacts.pd
f, id=2861, 569.12625pt x 467.7475pt>
File: external/ChargedHiggsAnalysisV3/SignalRegionStudyV3/templates/All/Combine
d/MHc100_MA60/Baseline/extended_unblind/combine_output/impacts_obs/condor/impac
ts.pdf Graphic file (type pdf)
<use external/ChargedHiggsAnalysisV3/SignalRegionStudyV3/templates/All/Combined
/MHc100_MA60/Baseline/extended_unblind/combine_output/impacts_obs/condor/impact
s.pdf>
Package pdftex.def Info: external/ChargedHiggsAnalysisV3/SignalRegionStudyV3/te
mplates/All/Combined/MHc100_MA60/Baseline/extended_unblind/combine_output/impac
ts_obs/condor/impacts.pdf  used on input line 805.
(pdftex.def)             Requested size: 338.01643pt x 277.81717pt.
<external/ChargedHiggsAnalysisV3/SignalRegionStudyV3/templates/All/Combined/MHc
130_MA90/ParticleNet/extended_unblind/combine_output/impacts_obs/condor/impacts
.pdf, id=2862, 569.12625pt x 467.7475pt>
File: external/ChargedHiggsAnalysisV3/SignalRegionStudyV3/templates/All/Combine
d/MHc130_MA90/ParticleNet/extended_unblind/combine_output/impacts_obs/condor/im
pacts.pdf Graphic file (type pdf)
<use external/ChargedHiggsAnalysisV3/SignalRegionStudyV3/templates/All/Combined
/MHc130_MA90/ParticleNet/extended_unblind/combine_output/impacts_obs/condor/imp
acts.pdf>
Package pdftex.def Info: external/ChargedHiggsAnalysisV3/SignalRegionStudyV3/te
mplates/All/Combined/MHc130_MA90/ParticleNet/extended_unblind/combine_output/im
pacts_obs/condor/impacts.pdf  used on input line 812.
(pdftex.def)             Requested size: 338.01643pt x 277.81717pt.
<external/ChargedHiggsAnalysisV3/SignalRegionStudyV3/templates/All/Combined/MHc
160_MA155/Baseline/extended_unblind/combine_output/impacts_obs/condor/impacts.p
df, id=2863, 569.12625pt x 467.7475pt>
File: external/ChargedHiggsAnalysisV3/SignalRegionStudyV3/templates/All/Combine
d/MHc160_MA155/Baseline/extended_unblind/combine_output/impacts_obs/condor/impa
cts.pdf Graphic file (type pdf)
<use external/ChargedHiggsAnalysisV3/SignalRegionStudyV3/templates/All/Combined
/MHc160_MA155/Baseline/extended_unblind/combine_output/impacts_obs/condor/impac
ts.pdf>
Package pdftex.def Info: external/ChargedHiggsAnalysisV3/SignalRegionStudyV3/te
mplates/All/Combined/MHc160_MA155/Baseline/extended_unblind/combine_output/impa
cts_obs/condor/impacts.pdf  used on input line 819.
(pdftex.def)             Requested size: 338.01643pt x 277.81717pt.
) (./Sections/results.tex [136] [137 <./external/ChargedHiggsAnalysisV3/SignalR
egionStudyV3/templates/All/Combined/MHc70_MA15/Baseline/extended_unblind/combin
e_output/impacts_obs/condor/impacts.pdf, page is rotated 90 degrees>] [138 <./e
xternal/ChargedHiggsAnalysisV3/SignalRegionStudyV3/templates/All/Combined/MHc10
0_MA60/Baseline/extended_unblind/combine_output/impacts_obs/condor/impacts.pdf,
 page is rotated 90 degrees>] [139 <./external/ChargedHiggsAnalysisV3/SignalReg
ionStudyV3/templates/All/Combined/MHc130_MA90/ParticleNet/extended_unblind/comb
ine_output/impacts_obs/condor/impacts.pdf, page is rotated 90 degrees>] [140 <.
/external/ChargedHiggsAnalysisV3/SignalRegionStudyV3/templates/All/Combined/MHc
160_MA155/Baseline/extended_unblind/combine_output/impacts_obs/condor/impacts.p
df, page is rotated 90 degrees>]
Chapter 6.
[141

]
<external/ChargedHiggsAnalysisV3/SignalRegionStudyV3/results/plots/postfit_summ
ary/extended/mHc160/Baseline/postfit_summary.mHc160.All.SR1E2Mu.Baseline.prefit
.unblind.png, id=3068, 1405.25pt x 780.9175pt>
File: external/ChargedHiggsAnalysisV3/SignalRegionStudyV3/results/plots/postfit
_summary/extended/mHc160/Baseline/postfit_summary.mHc160.All.SR1E2Mu.Baseline.p
refit.unblind.png Graphic file (type png)
<use external/ChargedHiggsAnalysisV3/SignalRegionStudyV3/results/plots/postfit_
summary/extended/mHc160/Baseline/postfit_summary.mHc160.All.SR1E2Mu.Baseline.pr
efit.unblind.png>
Package pdftex.def Info: external/ChargedHiggsAnalysisV3/SignalRegionStudyV3/re
sults/plots/postfit_summary/extended/mHc160/Baseline/postfit_summary.mHc160.All
.SR1E2Mu.Baseline.prefit.unblind.png  used on input line 34.
(pdftex.def)             Requested size: 356.7964pt x 198.27934pt.
<external/ChargedHiggsAnalysisV3/SignalRegionStudyV3/results/plots/postfit_summ
ary/extended/mHc160/Baseline/postfit_summary.mHc160.All.SR1E2Mu.Baseline.postfi
t_b.unblind.png, id=3069, 1405.25pt x 780.9175pt>
File: external/ChargedHiggsAnalysisV3/SignalRegionStudyV3/results/plots/postfit
_summary/extended/mHc160/Baseline/postfit_summary.mHc160.All.SR1E2Mu.Baseline.p
ostfit_b.unblind.png Graphic file (type png)
<use external/ChargedHiggsAnalysisV3/SignalRegionStudyV3/results/plots/postfit_
summary/extended/mHc160/Baseline/postfit_summary.mHc160.All.SR1E2Mu.Baseline.po
stfit_b.unblind.png>
Package pdftex.def Info: external/ChargedHiggsAnalysisV3/SignalRegionStudyV3/re
sults/plots/postfit_summary/extended/mHc160/Baseline/postfit_summary.mHc160.All
.SR1E2Mu.Baseline.postfit_b.unblind.png  used on input line 35.
(pdftex.def)             Requested size: 356.7964pt x 198.27934pt.
<external/ChargedHiggsAnalysisV3/SignalRegionStudyV3/results/plots/postfit_summ
ary/extended/mHc160/Baseline/postfit_summary.mHc160.All.SR3Mu.Baseline.prefit.u
nblind.png, id=3070, 1405.25pt x 780.9175pt>
File: external/ChargedHiggsAnalysisV3/SignalRegionStudyV3/results/plots/postfit
_summary/extended/mHc160/Baseline/postfit_summary.mHc160.All.SR3Mu.Baseline.pre
fit.unblind.png Graphic file (type png)
<use external/ChargedHiggsAnalysisV3/SignalRegionStudyV3/results/plots/postfit_
summary/extended/mHc160/Baseline/postfit_summary.mHc160.All.SR3Mu.Baseline.pref
it.unblind.png>
Package pdftex.def Info: external/ChargedHiggsAnalysisV3/SignalRegionStudyV3/re
sults/plots/postfit_summary/extended/mHc160/Baseline/postfit_summary.mHc160.All
.SR3Mu.Baseline.prefit.unblind.png  used on input line 42.
(pdftex.def)             Requested size: 356.7964pt x 198.27934pt.
<external/ChargedHiggsAnalysisV3/SignalRegionStudyV3/results/plots/postfit_summ
ary/extended/mHc160/Baseline/postfit_summary.mHc160.All.SR3Mu.Baseline.postfit_
b.unblind.png, id=3071, 1405.25pt x 780.9175pt>
File: external/ChargedHiggsAnalysisV3/SignalRegionStudyV3/results/plots/postfit
_summary/extended/mHc160/Baseline/postfit_summary.mHc160.All.SR3Mu.Baseline.pos
tfit_b.unblind.png Graphic file (type png)
<use external/ChargedHiggsAnalysisV3/SignalRegionStudyV3/results/plots/postfit_
summary/extended/mHc160/Baseline/postfit_summary.mHc160.All.SR3Mu.Baseline.post
fit_b.unblind.png>
Package pdftex.def Info: external/ChargedHiggsAnalysisV3/SignalRegionStudyV3/re
sults/plots/postfit_summary/extended/mHc160/Baseline/postfit_summary.mHc160.All
.SR3Mu.Baseline.postfit_b.unblind.png  used on input line 43.
(pdftex.def)             Requested size: 356.7964pt x 198.27934pt.
<external/ChargedHiggsAnalysisV3/SignalRegionStudyV3/results/plots/postfit_summ
ary/extended/mHc160/ParticleNet/postfit_summary.mHc160.All.Combined.ParticleNet
.prefit.unblind.png, id=3072, 1405.25pt x 780.9175pt>
File: external/ChargedHiggsAnalysisV3/SignalRegionStudyV3/results/plots/postfit
_summary/extended/mHc160/ParticleNet/postfit_summary.mHc160.All.Combined.Partic
leNet.prefit.unblind.png Graphic file (type png)
<use external/ChargedHiggsAnalysisV3/SignalRegionStudyV3/results/plots/postfit_
summary/extended/mHc160/ParticleNet/postfit_summary.mHc160.All.Combined.Particl
eNet.prefit.unblind.png>
Package pdftex.def Info: external/ChargedHiggsAnalysisV3/SignalRegionStudyV3/re
sults/plots/postfit_summary/extended/mHc160/ParticleNet/postfit_summary.mHc160.
All.Combined.ParticleNet.prefit.unblind.png  used on input line 50.
(pdftex.def)             Requested size: 356.7964pt x 198.27934pt.
<external/ChargedHiggsAnalysisV3/SignalRegionStudyV3/results/plots/postfit_summ
ary/extended/mHc160/ParticleNet/postfit_summary.mHc160.All.Combined.ParticleNet
.postfit_b.unblind.png, id=3073, 1405.25pt x 780.9175pt>
File: external/ChargedHiggsAnalysisV3/SignalRegionStudyV3/results/plots/postfit
_summary/extended/mHc160/ParticleNet/postfit_summary.mHc160.All.Combined.Partic
leNet.postfit_b.unblind.png Graphic file (type png)
<use external/ChargedHiggsAnalysisV3/SignalRegionStudyV3/results/plots/postfit_
summary/extended/mHc160/ParticleNet/postfit_summary.mHc160.All.Combined.Particl
eNet.postfit_b.unblind.png>
Package pdftex.def Info: external/ChargedHiggsAnalysisV3/SignalRegionStudyV3/re
sults/plots/postfit_summary/extended/mHc160/ParticleNet/postfit_summary.mHc160.
All.Combined.ParticleNet.postfit_b.unblind.png  used on input line 51.
(pdftex.def)             Requested size: 356.7964pt x 198.27934pt.
 [142] [143 <./external/ChargedHiggsAnalysisV3/SignalRegionStudyV3/results/plot
s/postfit_summary/extended/mHc160/Baseline/postfit_summary.mHc160.All.SR1E2Mu.B
aseline.prefit.unblind.png> <./external/ChargedHiggsAnalysisV3/SignalRegionStud
yV3/results/plots/postfit_summary/extended/mHc160/Baseline/postfit_summary.mHc1
60.All.SR1E2Mu.Baseline.postfit_b.unblind.png>] [144 <./external/ChargedHiggsAn
alysisV3/SignalRegionStudyV3/results/plots/postfit_summary/extended/mHc160/Base
line/postfit_summary.mHc160.All.SR3Mu.Baseline.prefit.unblind.png> <./external/
ChargedHiggsAnalysisV3/SignalRegionStudyV3/results/plots/postfit_summary/extend
ed/mHc160/Baseline/postfit_summary.mHc160.All.SR3Mu.Baseline.postfit_b.unblind.
png>] [145 <./external/ChargedHiggsAnalysisV3/SignalRegionStudyV3/results/plots
/postfit_summary/extended/mHc160/ParticleNet/postfit_summary.mHc160.All.Combine
d.ParticleNet.prefit.unblind.png> <./external/ChargedHiggsAnalysisV3/SignalRegi
onStudyV3/results/plots/postfit_summary/extended/mHc160/ParticleNet/postfit_sum
mary.mHc160.All.Combined.ParticleNet.postfit_b.unblind.png>]
<external/ChargedHiggsAnalysisV3/SignalRegionStudyV3/results/plots/BR/All/limit
.All.Asymptotic.Baseline.MHc70.unblind.png, id=3100, 598.235pt x 574.145pt>
File: external/ChargedHiggsAnalysisV3/SignalRegionStudyV3/results/plots/BR/All/
limit.All.Asymptotic.Baseline.MHc70.unblind.png Graphic file (type png)
<use external/ChargedHiggsAnalysisV3/SignalRegionStudyV3/results/plots/BR/All/l
imit.All.Asymptotic.Baseline.MHc70.unblind.png>
Package pdftex.def Info: external/ChargedHiggsAnalysisV3/SignalRegionStudyV3/re
sults/plots/BR/All/limit.All.Asymptotic.Baseline.MHc70.unblind.png  used on inp
ut line 64.
(pdftex.def)             Requested size: 180.27504pt x 173.01576pt.
<external/ChargedHiggsAnalysisV3/SignalRegionStudyV3/results/plots/BR/All/limit
.All.Asymptotic.ParticleNet.MHc100.unblind.png, id=3101, 598.235pt x 574.145pt>

File: external/ChargedHiggsAnalysisV3/SignalRegionStudyV3/results/plots/BR/All/
limit.All.Asymptotic.ParticleNet.MHc100.unblind.png Graphic file (type png)
<use external/ChargedHiggsAnalysisV3/SignalRegionStudyV3/results/plots/BR/All/l
imit.All.Asymptotic.ParticleNet.MHc100.unblind.png>
Package pdftex.def Info: external/ChargedHiggsAnalysisV3/SignalRegionStudyV3/re
sults/plots/BR/All/limit.All.Asymptotic.ParticleNet.MHc100.unblind.png  used on
 input line 65.
(pdftex.def)             Requested size: 180.27504pt x 173.01576pt.
<external/ChargedHiggsAnalysisV3/SignalRegionStudyV3/results/plots/BR/All/limit
.All.Asymptotic.ParticleNet.MHc130.unblind.png, id=3102, 598.235pt x 574.145pt>

File: external/ChargedHiggsAnalysisV3/SignalRegionStudyV3/results/plots/BR/All/
limit.All.Asymptotic.ParticleNet.MHc130.unblind.png Graphic file (type png)
<use external/ChargedHiggsAnalysisV3/SignalRegionStudyV3/results/plots/BR/All/l
imit.All.Asymptotic.ParticleNet.MHc130.unblind.png>
Package pdftex.def Info: external/ChargedHiggsAnalysisV3/SignalRegionStudyV3/re
sults/plots/BR/All/limit.All.Asymptotic.ParticleNet.MHc130.unblind.png  used on
 input line 66.
(pdftex.def)             Requested size: 180.27504pt x 173.01576pt.
<external/ChargedHiggsAnalysisV3/SignalRegionStudyV3/results/plots/BR/All/limit
.All.Asymptotic.ParticleNet.MHc160.unblind.png, id=3103, 598.235pt x 574.145pt>

File: external/ChargedHiggsAnalysisV3/SignalRegionStudyV3/results/plots/BR/All/
limit.All.Asymptotic.ParticleNet.MHc160.unblind.png Graphic file (type png)
<use external/ChargedHiggsAnalysisV3/SignalRegionStudyV3/results/plots/BR/All/l
imit.All.Asymptotic.ParticleNet.MHc160.unblind.png>
Package pdftex.def Info: external/ChargedHiggsAnalysisV3/SignalRegionStudyV3/re
sults/plots/BR/All/limit.All.Asymptotic.ParticleNet.MHc160.unblind.png  used on
 input line 67.
(pdftex.def)             Requested size: 180.27504pt x 173.01576pt.
 [146]
[147 <./external/ChargedHiggsAnalysisV3/SignalRegionStudyV3/results/plots/BR/Al
l/limit.All.Asymptotic.Baseline.MHc70.unblind.png> <./external/ChargedHiggsAnal
ysisV3/SignalRegionStudyV3/results/plots/BR/All/limit.All.Asymptotic.ParticleNe
t.MHc100.unblind.png> <./external/ChargedHiggsAnalysisV3/SignalRegionStudyV3/re
sults/plots/BR/All/limit.All.Asymptotic.ParticleNet.MHc130.unblind.png> <./exte
rnal/ChargedHiggsAnalysisV3/SignalRegionStudyV3/results/plots/BR/All/limit.All.
Asymptotic.ParticleNet.MHc160.unblind.png>]) (./Sections/conclusions.tex
Chapter 7.
[148


]) (./Sections/appendices/datasets.tex [149]
Appendix A.
LaTeX Font Info:    Trying to load font information for OMS+cmtt on input line 
19.
(/usr/share/texlive/texmf-dist/tex/latex/R/omscmtt.fd
File: omscmtt.fd 
)
LaTeX Font Info:    Font shape `OMS/cmtt/m/n' in size <9> not available
(Font)              Font shape `OMS/cmsy/m/n' tried instead on input line 19.
)
(./Sections/appendices/results.tex [150

] [151] [152] [153] [154] [155]
Appendix B.
<external/ChargedHiggsAnalysisV3/SignalRegionStudyV3/results/plots/postfit_summ
ary/extended/mHc70/Baseline/postfit_summary.mHc70.All.SR1E2Mu.Baseline.prefit.u
nblind.png, id=3163, 698.61pt x 752.8125pt>
File: external/ChargedHiggsAnalysisV3/SignalRegionStudyV3/results/plots/postfit
_summary/extended/mHc70/Baseline/postfit_summary.mHc70.All.SR1E2Mu.Baseline.pre
fit.unblind.png Graphic file (type png)
<use external/ChargedHiggsAnalysisV3/SignalRegionStudyV3/results/plots/postfit_
summary/extended/mHc70/Baseline/postfit_summary.mHc70.All.SR1E2Mu.Baseline.pref
it.unblind.png>
Package pdftex.def Info: external/ChargedHiggsAnalysisV3/SignalRegionStudyV3/re
sults/plots/postfit_summary/extended/mHc70/Baseline/postfit_summary.mHc70.All.S
R1E2Mu.Baseline.prefit.unblind.png  used on input line 8.
(pdftex.def)             Requested size: 180.27504pt x 194.25629pt.
<external/ChargedHiggsAnalysisV3/SignalRegionStudyV3/results/plots/postfit_summ
ary/extended/mHc70/Baseline/postfit_summary.mHc70.All.SR1E2Mu.Baseline.postfit_
b.unblind.png, id=3164, 698.61pt x 752.8125pt>
File: external/ChargedHiggsAnalysisV3/SignalRegionStudyV3/results/plots/postfit
_summary/extended/mHc70/Baseline/postfit_summary.mHc70.All.SR1E2Mu.Baseline.pos
tfit_b.unblind.png Graphic file (type png)
<use external/ChargedHiggsAnalysisV3/SignalRegionStudyV3/results/plots/postfit_
summary/extended/mHc70/Baseline/postfit_summary.mHc70.All.SR1E2Mu.Baseline.post
fit_b.unblind.png>
Package pdftex.def Info: external/ChargedHiggsAnalysisV3/SignalRegionStudyV3/re
sults/plots/postfit_summary/extended/mHc70/Baseline/postfit_summary.mHc70.All.S
R1E2Mu.Baseline.postfit_b.unblind.png  used on input line 9.
(pdftex.def)             Requested size: 180.27504pt x 194.25629pt.
<external/ChargedHiggsAnalysisV3/SignalRegionStudyV3/results/plots/postfit_summ
ary/extended/mHc70/Baseline/postfit_summary.mHc70.All.SR3Mu.Baseline.prefit.unb
lind.png, id=3165, 698.61pt x 752.8125pt>
File: external/ChargedHiggsAnalysisV3/SignalRegionStudyV3/results/plots/postfit
_summary/extended/mHc70/Baseline/postfit_summary.mHc70.All.SR3Mu.Baseline.prefi
t.unblind.png Graphic file (type png)
<use external/ChargedHiggsAnalysisV3/SignalRegionStudyV3/results/plots/postfit_
summary/extended/mHc70/Baseline/postfit_summary.mHc70.All.SR3Mu.Baseline.prefit
.unblind.png>
Package pdftex.def Info: external/ChargedHiggsAnalysisV3/SignalRegionStudyV3/re
sults/plots/postfit_summary/extended/mHc70/Baseline/postfit_summary.mHc70.All.S
R3Mu.Baseline.prefit.unblind.png  used on input line 10.
(pdftex.def)             Requested size: 180.27504pt x 194.25629pt.
<external/ChargedHiggsAnalysisV3/SignalRegionStudyV3/results/plots/postfit_summ
ary/extended/mHc70/Baseline/postfit_summary.mHc70.All.SR3Mu.Baseline.postfit_b.
unblind.png, id=3166, 698.61pt x 752.8125pt>
File: external/ChargedHiggsAnalysisV3/SignalRegionStudyV3/results/plots/postfit
_summary/extended/mHc70/Baseline/postfit_summary.mHc70.All.SR3Mu.Baseline.postf
it_b.unblind.png Graphic file (type png)
<use external/ChargedHiggsAnalysisV3/SignalRegionStudyV3/results/plots/postfit_
summary/extended/mHc70/Baseline/postfit_summary.mHc70.All.SR3Mu.Baseline.postfi
t_b.unblind.png>
Package pdftex.def Info: external/ChargedHiggsAnalysisV3/SignalRegionStudyV3/re
sults/plots/postfit_summary/extended/mHc70/Baseline/postfit_summary.mHc70.All.S
R3Mu.Baseline.postfit_b.unblind.png  used on input line 11.
(pdftex.def)             Requested size: 180.27504pt x 194.25629pt.
<external/ChargedHiggsAnalysisV3/SignalRegionStudyV3/results/plots/postfit_summ
ary/extended/mHc100/Baseline/postfit_summary.mHc100.All.SR1E2Mu.Baseline.prefit
.unblind.png, id=3167, 698.61pt x 752.8125pt>
File: external/ChargedHiggsAnalysisV3/SignalRegionStudyV3/results/plots/postfit
_summary/extended/mHc100/Baseline/postfit_summary.mHc100.All.SR1E2Mu.Baseline.p
refit.unblind.png Graphic file (type png)
<use external/ChargedHiggsAnalysisV3/SignalRegionStudyV3/results/plots/postfit_
summary/extended/mHc100/Baseline/postfit_summary.mHc100.All.SR1E2Mu.Baseline.pr
efit.unblind.png>
Package pdftex.def Info: external/ChargedHiggsAnalysisV3/SignalRegionStudyV3/re
sults/plots/postfit_summary/extended/mHc100/Baseline/postfit_summary.mHc100.All
.SR1E2Mu.Baseline.prefit.unblind.png  used on input line 18.
(pdftex.def)             Requested size: 180.27504pt x 194.25629pt.
<external/ChargedHiggsAnalysisV3/SignalRegionStudyV3/results/plots/postfit_summ
ary/extended/mHc100/Baseline/postfit_summary.mHc100.All.SR1E2Mu.Baseline.postfi
t_b.unblind.png, id=3168, 698.61pt x 752.8125pt>
File: external/ChargedHiggsAnalysisV3/SignalRegionStudyV3/results/plots/postfit
_summary/extended/mHc100/Baseline/postfit_summary.mHc100.All.SR1E2Mu.Baseline.p
ostfit_b.unblind.png Graphic file (type png)
<use external/ChargedHiggsAnalysisV3/SignalRegionStudyV3/results/plots/postfit_
summary/extended/mHc100/Baseline/postfit_summary.mHc100.All.SR1E2Mu.Baseline.po
stfit_b.unblind.png>
Package pdftex.def Info: external/ChargedHiggsAnalysisV3/SignalRegionStudyV3/re
sults/plots/postfit_summary/extended/mHc100/Baseline/postfit_summary.mHc100.All
.SR1E2Mu.Baseline.postfit_b.unblind.png  used on input line 19.
(pdftex.def)             Requested size: 180.27504pt x 194.25629pt.
<external/ChargedHiggsAnalysisV3/SignalRegionStudyV3/results/plots/postfit_summ
ary/extended/mHc100/Baseline/postfit_summary.mHc100.All.SR3Mu.Baseline.prefit.u
nblind.png, id=3169, 698.61pt x 752.8125pt>
File: external/ChargedHiggsAnalysisV3/SignalRegionStudyV3/results/plots/postfit
_summary/extended/mHc100/Baseline/postfit_summary.mHc100.All.SR3Mu.Baseline.pre
fit.unblind.png Graphic file (type png)
<use external/ChargedHiggsAnalysisV3/SignalRegionStudyV3/results/plots/postfit_
summary/extended/mHc100/Baseline/postfit_summary.mHc100.All.SR3Mu.Baseline.pref
it.unblind.png>
Package pdftex.def Info: external/ChargedHiggsAnalysisV3/SignalRegionStudyV3/re
sults/plots/postfit_summary/extended/mHc100/Baseline/postfit_summary.mHc100.All
.SR3Mu.Baseline.prefit.unblind.png  used on input line 20.
(pdftex.def)             Requested size: 180.27504pt x 194.25629pt.
<external/ChargedHiggsAnalysisV3/SignalRegionStudyV3/results/plots/postfit_summ
ary/extended/mHc100/Baseline/postfit_summary.mHc100.All.SR3Mu.Baseline.postfit_
b.unblind.png, id=3170, 698.61pt x 752.8125pt>
File: external/ChargedHiggsAnalysisV3/SignalRegionStudyV3/results/plots/postfit
_summary/extended/mHc100/Baseline/postfit_summary.mHc100.All.SR3Mu.Baseline.pos
tfit_b.unblind.png Graphic file (type png)
<use external/ChargedHiggsAnalysisV3/SignalRegionStudyV3/results/plots/postfit_
summary/extended/mHc100/Baseline/postfit_summary.mHc100.All.SR3Mu.Baseline.post
fit_b.unblind.png>
Package pdftex.def Info: external/ChargedHiggsAnalysisV3/SignalRegionStudyV3/re
sults/plots/postfit_summary/extended/mHc100/Baseline/postfit_summary.mHc100.All
.SR3Mu.Baseline.postfit_b.unblind.png  used on input line 21.
(pdftex.def)             Requested size: 180.27504pt x 194.25629pt.
<external/ChargedHiggsAnalysisV3/SignalRegionStudyV3/results/plots/postfit_summ
ary/extended/mHc130/Baseline/postfit_summary.mHc130.All.SR1E2Mu.Baseline.prefit
.unblind.png, id=3171, 698.61pt x 752.8125pt>
File: external/ChargedHiggsAnalysisV3/SignalRegionStudyV3/results/plots/postfit
_summary/extended/mHc130/Baseline/postfit_summary.mHc130.All.SR1E2Mu.Baseline.p
refit.unblind.png Graphic file (type png)
<use external/ChargedHiggsAnalysisV3/SignalRegionStudyV3/results/plots/postfit_
summary/extended/mHc130/Baseline/postfit_summary.mHc130.All.SR1E2Mu.Baseline.pr
efit.unblind.png>
Package pdftex.def Info: external/ChargedHiggsAnalysisV3/SignalRegionStudyV3/re
sults/plots/postfit_summary/extended/mHc130/Baseline/postfit_summary.mHc130.All
.SR1E2Mu.Baseline.prefit.unblind.png  used on input line 28.
(pdftex.def)             Requested size: 180.27504pt x 194.25629pt.
<external/ChargedHiggsAnalysisV3/SignalRegionStudyV3/results/plots/postfit_summ
ary/extended/mHc130/Baseline/postfit_summary.mHc130.All.SR1E2Mu.Baseline.postfi
t_b.unblind.png, id=3172, 698.61pt x 752.8125pt>
File: external/ChargedHiggsAnalysisV3/SignalRegionStudyV3/results/plots/postfit
_summary/extended/mHc130/Baseline/postfit_summary.mHc130.All.SR1E2Mu.Baseline.p
ostfit_b.unblind.png Graphic file (type png)
<use external/ChargedHiggsAnalysisV3/SignalRegionStudyV3/results/plots/postfit_
summary/extended/mHc130/Baseline/postfit_summary.mHc130.All.SR1E2Mu.Baseline.po
stfit_b.unblind.png>
Package pdftex.def Info: external/ChargedHiggsAnalysisV3/SignalRegionStudyV3/re
sults/plots/postfit_summary/extended/mHc130/Baseline/postfit_summary.mHc130.All
.SR1E2Mu.Baseline.postfit_b.unblind.png  used on input line 29.
(pdftex.def)             Requested size: 180.27504pt x 194.25629pt.
<external/ChargedHiggsAnalysisV3/SignalRegionStudyV3/results/plots/postfit_summ
ary/extended/mHc130/Baseline/postfit_summary.mHc130.All.SR3Mu.Baseline.prefit.u
nblind.png, id=3173, 698.61pt x 752.8125pt>
File: external/ChargedHiggsAnalysisV3/SignalRegionStudyV3/results/plots/postfit
_summary/extended/mHc130/Baseline/postfit_summary.mHc130.All.SR3Mu.Baseline.pre
fit.unblind.png Graphic file (type png)
<use external/ChargedHiggsAnalysisV3/SignalRegionStudyV3/results/plots/postfit_
summary/extended/mHc130/Baseline/postfit_summary.mHc130.All.SR3Mu.Baseline.pref
it.unblind.png>
Package pdftex.def Info: external/ChargedHiggsAnalysisV3/SignalRegionStudyV3/re
sults/plots/postfit_summary/extended/mHc130/Baseline/postfit_summary.mHc130.All
.SR3Mu.Baseline.prefit.unblind.png  used on input line 30.
(pdftex.def)             Requested size: 180.27504pt x 194.25629pt.
<external/ChargedHiggsAnalysisV3/SignalRegionStudyV3/results/plots/postfit_summ
ary/extended/mHc130/Baseline/postfit_summary.mHc130.All.SR3Mu.Baseline.postfit_
b.unblind.png, id=3174, 698.61pt x 752.8125pt>
File: external/ChargedHiggsAnalysisV3/SignalRegionStudyV3/results/plots/postfit
_summary/extended/mHc130/Baseline/postfit_summary.mHc130.All.SR3Mu.Baseline.pos
tfit_b.unblind.png Graphic file (type png)
<use external/ChargedHiggsAnalysisV3/SignalRegionStudyV3/results/plots/postfit_
summary/extended/mHc130/Baseline/postfit_summary.mHc130.All.SR3Mu.Baseline.post
fit_b.unblind.png>
Package pdftex.def Info: external/ChargedHiggsAnalysisV3/SignalRegionStudyV3/re
sults/plots/postfit_summary/extended/mHc130/Baseline/postfit_summary.mHc130.All
.SR3Mu.Baseline.postfit_b.unblind.png  used on input line 31.
(pdftex.def)             Requested size: 180.27504pt x 194.25629pt.
<external/ChargedHiggsAnalysisV3/SignalRegionStudyV3/results/plots/BR/All/limit
.All.Asymptotic.Baseline.MHc100.unblind.png, id=3175, 598.235pt x 574.145pt>
File: external/ChargedHiggsAnalysisV3/SignalRegionStudyV3/results/plots/BR/All/
limit.All.Asymptotic.Baseline.MHc100.unblind.png Graphic file (type png)
<use external/ChargedHiggsAnalysisV3/SignalRegionStudyV3/results/plots/BR/All/l
imit.All.Asymptotic.Baseline.MHc100.unblind.png>
Package pdftex.def Info: external/ChargedHiggsAnalysisV3/SignalRegionStudyV3/re
sults/plots/BR/All/limit.All.Asymptotic.Baseline.MHc100.unblind.png  used on in
put line 38.
(pdftex.def)             Requested size: 116.42775pt x 111.73442pt.
<external/ChargedHiggsAnalysisV3/SignalRegionStudyV3/results/plots/BR/All/limit
.All.Asymptotic.Baseline.MHc130.unblind.png, id=3176, 598.235pt x 574.145pt>
File: external/ChargedHiggsAnalysisV3/SignalRegionStudyV3/results/plots/BR/All/
limit.All.Asymptotic.Baseline.MHc130.unblind.png Graphic file (type png)
<use external/ChargedHiggsAnalysisV3/SignalRegionStudyV3/results/plots/BR/All/l
imit.All.Asymptotic.Baseline.MHc130.unblind.png>
Package pdftex.def Info: external/ChargedHiggsAnalysisV3/SignalRegionStudyV3/re
sults/plots/BR/All/limit.All.Asymptotic.Baseline.MHc130.unblind.png  used on in
put line 39.
(pdftex.def)             Requested size: 116.42775pt x 111.73442pt.
<external/ChargedHiggsAnalysisV3/SignalRegionStudyV3/results/plots/BR/All/limit
.All.Asymptotic.Baseline.MHc160.unblind.png, id=3177, 598.235pt x 574.145pt>
File: external/ChargedHiggsAnalysisV3/SignalRegionStudyV3/results/plots/BR/All/
limit.All.Asymptotic.Baseline.MHc160.unblind.png Graphic file (type png)
<use external/ChargedHiggsAnalysisV3/SignalRegionStudyV3/results/plots/BR/All/l
imit.All.Asymptotic.Baseline.MHc160.unblind.png>
Package pdftex.def Info: external/ChargedHiggsAnalysisV3/SignalRegionStudyV3/re
sults/plots/BR/All/limit.All.Asymptotic.Baseline.MHc160.unblind.png  used on in
put line 40.
(pdftex.def)             Requested size: 116.42775pt x 111.73442pt.
) [156

] [157 <./external/ChargedHiggsAnalysisV3/SignalRegionStudyV3/results/plots/pos
tfit_summary/extended/mHc70/Baseline/postfit_summary.mHc70.All.SR1E2Mu.Baseline
.prefit.unblind.png> <./external/ChargedHiggsAnalysisV3/SignalRegionStudyV3/res
ults/plots/postfit_summary/extended/mHc70/Baseline/postfit_summary.mHc70.All.SR
1E2Mu.Baseline.postfit_b.unblind.png> <./external/ChargedHiggsAnalysisV3/Signal
RegionStudyV3/results/plots/postfit_summary/extended/mHc70/Baseline/postfit_sum
mary.mHc70.All.SR3Mu.Baseline.prefit.unblind.png> <./external/ChargedHiggsAnaly
sisV3/SignalRegionStudyV3/results/plots/postfit_summary/extended/mHc70/Baseline
/postfit_summary.mHc70.All.SR3Mu.Baseline.postfit_b.unblind.png>]
[158 <./external/ChargedHiggsAnalysisV3/SignalRegionStudyV3/results/plots/postf
it_summary/extended/mHc100/Baseline/postfit_summary.mHc100.All.SR1E2Mu.Baseline
.prefit.unblind.png> <./external/ChargedHiggsAnalysisV3/SignalRegionStudyV3/res
ults/plots/postfit_summary/extended/mHc100/Baseline/postfit_summary.mHc100.All.
SR1E2Mu.Baseline.postfit_b.unblind.png> <./external/ChargedHiggsAnalysisV3/Sign
alRegionStudyV3/results/plots/postfit_summary/extended/mHc100/Baseline/postfit_
summary.mHc100.All.SR3Mu.Baseline.prefit.unblind.png> <./external/ChargedHiggsA
nalysisV3/SignalRegionStudyV3/results/plots/postfit_summary/extended/mHc100/Bas
eline/postfit_summary.mHc100.All.SR3Mu.Baseline.postfit_b.unblind.png>]
[159 <./external/ChargedHiggsAnalysisV3/SignalRegionStudyV3/results/plots/postf
it_summary/extended/mHc130/Baseline/postfit_summary.mHc130.All.SR1E2Mu.Baseline
.prefit.unblind.png> <./external/ChargedHiggsAnalysisV3/SignalRegionStudyV3/res
ults/plots/postfit_summary/extended/mHc130/Baseline/postfit_summary.mHc130.All.
SR1E2Mu.Baseline.postfit_b.unblind.png> <./external/ChargedHiggsAnalysisV3/Sign
alRegionStudyV3/results/plots/postfit_summary/extended/mHc130/Baseline/postfit_
summary.mHc130.All.SR3Mu.Baseline.prefit.unblind.png> <./external/ChargedHiggsA
nalysisV3/SignalRegionStudyV3/results/plots/postfit_summary/extended/mHc130/Bas
eline/postfit_summary.mHc130.All.SR3Mu.Baseline.postfit_b.unblind.png>]
[160 <./external/ChargedHiggsAnalysisV3/SignalRegionStudyV3/results/plots/BR/Al
l/limit.All.Asymptotic.Baseline.MHc100.unblind.png> <./external/ChargedHiggsAna
lysisV3/SignalRegionStudyV3/results/plots/BR/All/limit.All.Asymptotic.Baseline.
MHc130.unblind.png> <./external/ChargedHiggsAnalysisV3/SignalRegionStudyV3/resu
lts/plots/BR/All/limit.All.Asymptotic.Baseline.MHc160.unblind.png>] [161

]
[162]
Underfull \hbox (badness 1057) in paragraph at lines 151--151
[]\OT1/cmr/m/n/10.95 G. 't Hooft. ``Renor-mal-iz-able La-grangians for Mas-sive
 Yang-Mills
 []

[163] [164] [165] [166] [167] [168] [169] [170] [171] [172] [173]
Underfull \hbox (badness 4341) in paragraph at lines 151--151
[]\OT1/cmr/m/n/10.95 Pier Francesco Monni, Emanuele Re, and Mar-ius Wiese-mann.

 []

[174] [175] [176] [177

] [178

] (build/Main.aux)
Package rerunfilecheck Info: File `Main.out' has not changed.
(rerunfilecheck)             Checksum: CB33E53758E33FEBC8378D9AF8A8BE07;10323.
Package logreq Info: Writing requests to 'Main.run.xml'.
\openout1 = `Main.run.xml'.

 ) 
Here is how much of TeX's memory you used:
 35725 strings out of 477136
 816001 string characters out of 5813392
 1958388 words of memory out of 6000000
 54186 multiletter control sequences out of 15000+600000
 566210 words of font info for 229 fonts, out of 8000000 for 9000
 430 hyphenation exceptions out of 8191
 84i,18n,89p,2010b,1769s stack positions out of 10000i,1000n,20000p,200000b,200000s
</usr/share/texlive/texmf-dist/fonts/type1/public/amsfonts/cm/cmbx10.pfb></us
r/share/texlive/texmf-dist/fonts/type1/public/amsfonts/cm/cmbx12.pfb></usr/shar
e/texlive/texmf-dist/fonts/type1/public/amsfonts/cm/cmbx8.pfb></usr/share/texli
ve/texmf-dist/fonts/type1/public/amsfonts/cm/cmcsc10.pfb></usr/share/texlive/te
xmf-dist/fonts/type1/public/amsfonts/cm/cmex10.pfb></usr/share/texlive/texmf-di
st/fonts/type1/public/amsfonts/cm/cmmi10.pfb></usr/share/texlive/texmf-dist/fon
ts/type1/public/amsfonts/cm/cmmi12.pfb></usr/share/texlive/texmf-dist/fonts/typ
e1/public/amsfonts/cm/cmmi6.pfb></usr/share/texlive/texmf-dist/fonts/type1/publ
ic/amsfonts/cm/cmmi7.pfb></usr/share/texlive/texmf-dist/fonts/type1/public/amsf
onts/cm/cmmi8.pfb></usr/share/texlive/texmf-dist/fonts/type1/public/amsfonts/cm
/cmmi9.pfb></usr/share/texlive/texmf-dist/fonts/type1/public/amsfonts/cm/cmmib1
0.pfb></usr/share/texlive/texmf-dist/fonts/type1/public/amsfonts/cm/cmr10.pfb><
/usr/share/texlive/texmf-dist/fonts/type1/public/amsfonts/cm/cmr12.pfb></usr/sh
are/texlive/texmf-dist/fonts/type1/public/amsfonts/cm/cmr17.pfb></usr/share/tex
live/texmf-dist/fonts/type1/public/amsfonts/cm/cmr5.pfb></usr/share/texlive/tex
mf-dist/fonts/type1/public/amsfonts/cm/cmr6.pfb></usr/share/texlive/texmf-dist/
fonts/type1/public/amsfonts/cm/cmr7.pfb></usr/share/texlive/texmf-dist/fonts/ty
pe1/public/amsfonts/cm/cmr8.pfb></usr/share/texlive/texmf-dist/fonts/type1/publ
ic/amsfonts/cm/cmr9.pfb></usr/share/texlive/texmf-dist/fonts/type1/public/amsfo
nts/cm/cmsy10.pfb></usr/share/texlive/texmf-dist/fonts/type1/public/amsfonts/cm
/cmsy6.pfb></usr/share/texlive/texmf-dist/fonts/type1/public/amsfonts/cm/cmsy8.
pfb></usr/share/texlive/texmf-dist/fonts/type1/public/amsfonts/cm/cmsy9.pfb></u
sr/share/texlive/texmf-dist/fonts/type1/public/amsfonts/cm/cmti10.pfb></usr/sha
re/texlive/texmf-dist/fonts/type1/public/amsfonts/cm/cmti7.pfb></usr/share/texl
ive/texmf-dist/fonts/type1/public/amsfonts/cm/cmtt10.pfb></usr/share/texlive/te
xmf-dist/fonts/type1/public/amsfonts/cm/cmtt8.pfb></usr/share/texlive/texmf-dis
t/fonts/type1/public/amsfonts/cm/cmtt9.pfb></usr/share/texlive/texmf-dist/fonts
/type1/public/amsfonts/euler/eufm10.pfb></usr/share/texlive/texmf-dist/fonts/ty
pe1/public/amsfonts/symbols/msam10.pfb></usr/share/texlive/texmf-dist/fonts/typ
e1/public/amsfonts/symbols/msbm10.pfb></usr/share/texlive/texmf-dist/fonts/type
1/public/nanumtype1/nanummjbb8.pfb></usr/share/texlive/texmf-dist/fonts/type1/p
ublic/nanumtype1/nanummjbbc.pfb></usr/share/texlive/texmf-dist/fonts/type1/publ
ic/nanumtype1/nanummjbc5.pfb></usr/share/texlive/texmf-dist/fonts/type1/public/
nanumtype1/nanummjbc6.pfb></usr/share/texlive/texmf-dist/fonts/type1/public/nan
umtype1/nanummjbc8.pfb></usr/share/texlive/texmf-dist/fonts/type1/public/nanumt
ype1/nanummjbcd.pfb></usr/share/texlive/texmf-dist/fonts/type1/public/nanumtype
1/nanummjbd5.pfb></usr/share/texlive/texmf-dist/fonts/type1/public/nanumtype1/n
anummjmac.pfb></usr/share/texlive/texmf-dist/fonts/type1/public/nanumtype1/nanu
mmjmad.pfb></usr/share/texlive/texmf-dist/fonts/type1/public/nanumtype1/nanummj
mae.pfb></usr/share/texlive/texmf-dist/fonts/type1/public/nanumtype1/nanummjmb0
.pfb></usr/share/texlive/texmf-dist/fonts/type1/public/nanumtype1/nanummjmb1.pf
b></usr/share/texlive/texmf-dist/fonts/type1/public/nanumtype1/nanummjmb2.pfb><
/usr/share/texlive/texmf-dist/fonts/type1/public/nanumtype1/nanummjmb3.pfb></us
r/share/texlive/texmf-dist/fonts/type1/public/nanumtype1/nanummjmb4.pfb></usr/s
hare/texlive/texmf-dist/fonts/type1/public/nanumtype1/nanummjmb6.pfb></usr/shar
e/texlive/texmf-dist/fonts/type1/public/nanumtype1/nanummjmb7.pfb></usr/share/t
exlive/texmf-dist/fonts/type1/public/nanumtype1/nanummjmb8.pfb></usr/share/texl
ive/texmf-dist/fonts/type1/public/nanumtype1/nanummjmb9.pfb></usr/share/texlive
/texmf-dist/fonts/type1/public/nanumtype1/nanummjmba.pfb></usr/share/texlive/te
xmf-dist/fonts/type1/public/nanumtype1/nanummjmbb.pfb></usr/share/texlive/texmf
-dist/fonts/type1/public/nanumtype1/nanummjmbc.pfb></usr/share/texlive/texmf-di
st/fonts/type1/public/nanumtype1/nanummjmbd.pfb></usr/share/texlive/texmf-dist/
fonts/type1/public/nanumtype1/nanummjmbe.pfb></usr/share/texlive/texmf-dist/fon
ts/type1/public/nanumtype1/nanummjmc0.pfb></usr/share/texlive/texmf-dist/fonts/
type1/public/nanumtype1/nanummjmc1.pfb></usr/share/texlive/texmf-dist/fonts/typ
e1/public/nanumtype1/nanummjmc2.pfb></usr/share/texlive/texmf-dist/fonts/type1/
public/nanumtype1/nanummjmc3.pfb></usr/share/texlive/texmf-dist/fonts/type1/pub
lic/nanumtype1/nanummjmc5.pfb></usr/share/texlive/texmf-dist/fonts/type1/public
/nanumtype1/nanummjmc6.pfb></usr/share/texlive/texmf-dist/fonts/type1/public/na
numtype1/nanummjmc7.pfb></usr/share/texlive/texmf-dist/fonts/type1/public/nanum
type1/nanummjmc8.pfb></usr/share/texlive/texmf-dist/fonts/type1/public/nanumtyp
e1/nanummjmc9.pfb></usr/share/texlive/texmf-dist/fonts/type1/public/nanumtype1/
nanummjmcc.pfb></usr/share/texlive/texmf-dist/fonts/type1/public/nanumtype1/nan
ummjmcd.pfb></usr/share/texlive/texmf-dist/fonts/type1/public/nanumtype1/nanumm
jmce.pfb></usr/share/texlive/texmf-dist/fonts/type1/public/nanumtype1/nanummjmc
f.pfb></usr/share/texlive/texmf-dist/fonts/type1/public/nanumtype1/nanummjmd0.p
fb></usr/share/texlive/texmf-dist/fonts/type1/public/nanumtype1/nanummjmd1.pfb>
</usr/share/texlive/texmf-dist/fonts/type1/public/nanumtype1/nanummjmd3.pfb></u
sr/share/texlive/texmf-dist/fonts/type1/public/nanumtype1/nanummjmd4.pfb></usr/
share/texlive/texmf-dist/fonts/type1/public/nanumtype1/nanummjmd5.pfb></usr/sha
re/texlive/texmf-dist/fonts/type1/public/nanumtype1/nanummjmd6.pfb></usr/share/
texlive/texmf-dist/fonts/type1/public/nanumtype1/nanummjmd7.pfb></usr/share/tex
live/texmf-dist/fonts/type1/public/cm-super/sfrm1000.pfb>
Output written on build/Main.pdf (198 pages, 12227590 bytes).
PDF statistics:
 4164 PDF objects out of 4296 (max. 8388607)
 3254 compressed objects within 33 object streams
 963 named destinations out of 1000 (max. 500000)
 1930 words of extra memory for PDF output out of 10000 (max. 10000000)

